gene_id	tissue	species	n_pipe	pipe
ENSMUSG00000074183	Liver	Mouse	2	splineR MaSigPro 
ENSMUSG00000069520	Liver	Mouse	2	splineR MaSigPro 
ENSMUSG00000057933	Liver	Mouse	2	splineR MaSigPro 
ENSMUSG00000030126	Liver	Mouse	2	splineR MaSigPro 
ENSMUSG00000023044	Liver	Mouse	2	splineR MaSigPro 
ENSMUSG00000028496	Liver	Mouse	2	splineR MaSigPro 
ENSMUSG00000094559	Liver	Mouse	2	splineR MaSigPro 
ENSMUSG00000032098	Liver	Mouse	2	splineR MaSigPro 
ENSMUSG00000050248	Liver	Mouse	2	splineR MaSigPro 
ENSMUSG00000061079	Liver	Mouse	2	splineR MaSigPro 
ENSMUSG00000043183	Liver	Mouse	2	splineR MaSigPro 
ENSMUSG00000021713	Liver	Mouse	2	splineR MaSigPro 
ENSMUSG00000019822	Liver	Mouse	2	splineR MaSigPro 
ENSMUSG00000031826	Liver	Mouse	2	splineR MaSigPro 
ENSMUSG00000066944	Liver	Mouse	2	splineR MaSigPro 
ENSMUSG00000032420	Liver	Mouse	2	splineR MaSigPro 
ENSMUSG00000018171	Liver	Mouse	2	splineR MaSigPro 
ENSMUSG00000090877	Liver	Mouse	2	splineR MaSigPro 
ENSMUSG00000024365	Liver	Mouse	2	splineR MaSigPro 
ENSMUSG00000075232	Liver	Mouse	2	splineR MaSigPro 
ENSMUSG00000018899	Liver	Mouse	2	splineR MaSigPro 
ENSMUSG00000021497	Liver	Mouse	2	splineR MaSigPro 
ENSMUSG00000032306	Liver	Mouse	2	splineR MaSigPro 
ENSMUSG00000030680	Liver	Mouse	2	splineR MaSigPro 
ENSMUSG00000034826	Liver	Mouse	2	splineR MaSigPro 
ENSMUSG00000025508	Liver	Mouse	2	splineR MaSigPro 
ENSMUSG00000054630	Liver	Mouse	2	splineR MaSigPro 
ENSMUSG00000022218	Liver	Mouse	2	splineR MaSigPro 
ENSMUSG00000025795	Liver	Mouse	2	splineR MaSigPro 
ENSMUSG00000068085	Liver	Mouse	2	splineR MaSigPro 
ENSMUSG00000022848	Liver	Mouse	2	splineR MaSigPro 
ENSMUSG00000045039	Liver	Mouse	2	splineR MaSigPro 
ENSMUSG00000005069	Liver	Mouse	2	splineR MaSigPro 
ENSMUSG00000024899	Liver	Mouse	2	splineR MaSigPro 
ENSMUSG00000051615	Liver	Mouse	2	splineR MaSigPro 
ENSMUSG00000017132	Liver	Mouse	2	splineR MaSigPro 
ENSMUSG00000061718	Liver	Mouse	2	splineR MaSigPro 
ENSMUSG00000024776	Liver	Mouse	2	splineR MaSigPro 
ENSMUSG00000068877	Liver	Mouse	2	splineR MaSigPro 
ENSMUSG00000032513	Liver	Mouse	2	splineR MaSigPro 
ENSMUSG00000009894	Liver	Mouse	2	splineR MaSigPro 
ENSMUSG00000026278	Liver	Mouse	2	splineR MaSigPro 
ENSMUSG00000030701	Liver	Mouse	2	splineR MaSigPro 
ENSMUSG00000025004	Liver	Mouse	2	splineR MaSigPro 
ENSMUSG00000035354	Liver	Mouse	2	splineR MaSigPro 
ENSMUSG00000026526	Liver	Mouse	2	splineR MaSigPro 
ENSMUSG00000026986	Liver	Mouse	2	splineR MaSigPro 
ENSMUSG00000029122	Liver	Mouse	2	splineR MaSigPro 
ENSMUSG00000029227	Liver	Mouse	2	DESeq2 MaSigPro 
ENSMUSG00000040731	Liver	Mouse	2	DESeq2 MaSigPro 
ENSMUSG00000047261	Liver	Mouse	2	DESeq2 MaSigPro 
ENSMUSG00000049580	Liver	Mouse	2	DESeq2 MaSigPro 
ENSMUSG00000057113	Liver	Mouse	2	DESeq2 MaSigPro 
ENSMUSG00000062044	Liver	Mouse	2	DESeq2 MaSigPro 
ENSMUSG00000000791	Liver	Mouse	2	DESeq2 splineR 
ENSMUSG00000007122	Liver	Mouse	2	DESeq2 splineR 
ENSMUSG00000024118	Liver	Mouse	2	DESeq2 splineR 
ENSMUSG00000024430	Liver	Mouse	2	DESeq2 splineR 
ENSMUSG00000024561	Liver	Mouse	2	DESeq2 splineR 
ENSMUSG00000028381	Liver	Mouse	2	DESeq2 splineR 
ENSMUSG00000028648	Liver	Mouse	2	DESeq2 splineR 
ENSMUSG00000029822	Liver	Mouse	2	DESeq2 splineR 
ENSMUSG00000030654	Liver	Mouse	2	DESeq2 splineR 
ENSMUSG00000031227	Liver	Mouse	2	DESeq2 splineR 
ENSMUSG00000036564	Liver	Mouse	2	DESeq2 splineR 
ENSMUSG00000038576	Liver	Mouse	2	DESeq2 splineR 
ENSMUSG00000044086	Liver	Mouse	2	DESeq2 splineR 
ENSMUSG00000044350	Liver	Mouse	2	DESeq2 splineR 
ENSMUSG00000052133	Liver	Mouse	2	DESeq2 splineR 
ENSMUSG00000060181	Liver	Mouse	2	DESeq2 splineR 
ENSMUSG00000064032	Liver	Mouse	2	DESeq2 splineR 
ENSMUSG00000090625	Liver	Mouse	2	DESeq2 splineR 
ENSMUSG00000097346	Liver	Mouse	2	DESeq2 splineR 
ENSMUSG00000020220	Liver	Mouse	2	MaSigPro In-house 
ENSMUSG00000022555	Liver	Mouse	2	MaSigPro In-house 
ENSMUSG00000024970	Liver	Mouse	2	MaSigPro In-house 
ENSMUSG00000025003	Liver	Mouse	2	MaSigPro In-house 
ENSMUSG00000027187	Liver	Mouse	2	MaSigPro In-house 
ENSMUSG00000028028	Liver	Mouse	2	MaSigPro In-house 
ENSMUSG00000031383	Liver	Mouse	2	MaSigPro In-house 
ENSMUSG00000032094	Liver	Mouse	2	MaSigPro In-house 
ENSMUSG00000032350	Liver	Mouse	2	MaSigPro In-house 
ENSMUSG00000035031	Liver	Mouse	2	MaSigPro In-house 
ENSMUSG00000036151	Liver	Mouse	2	MaSigPro In-house 
ENSMUSG00000042271	Liver	Mouse	2	MaSigPro In-house 
ENSMUSG00000042510	Liver	Mouse	2	MaSigPro In-house 
ENSMUSG00000042854	Liver	Mouse	2	MaSigPro In-house 
ENSMUSG00000049517	Liver	Mouse	2	MaSigPro In-house 
ENSMUSG00000051483	Liver	Mouse	2	MaSigPro In-house 
ENSMUSG00000052131	Liver	Mouse	2	MaSigPro In-house 
ENSMUSG00000053398	Liver	Mouse	2	MaSigPro In-house 
ENSMUSG00000060002	Liver	Mouse	2	MaSigPro In-house 
ENSMUSG00000079057	Liver	Mouse	2	MaSigPro In-house 
ENSMUSG00000089678	Liver	Mouse	2	MaSigPro In-house 
ENSMUSG00000079494	Liver	Mouse	2	splineR In-house 
ENSMUSG00000068392	Liver	Mouse	2	splineR In-house 
ENSMUSG00000044378	Liver	Mouse	2	splineR In-house 
ENSMUSG00000018868	Liver	Mouse	2	splineR In-house 
ENSMUSG00000073830	Liver	Mouse	2	splineR In-house 
ENSMUSG00000042589	Liver	Mouse	2	splineR In-house 
ENSMUSG00000090298	Liver	Mouse	2	splineR In-house 
ENSMUSG00000037263	Liver	Mouse	2	splineR In-house 
ENSMUSG00000097542	Liver	Mouse	2	splineR In-house 
ENSMUSG00000093610	Liver	Mouse	2	splineR In-house 
ENSMUSG00000079495	Liver	Mouse	2	splineR In-house 
ENSMUSG00000074240	Liver	Mouse	2	splineR In-house 
ENSMUSG00000087904	Liver	Mouse	2	splineR In-house 
ENSMUSG00000079716	Liver	Mouse	2	splineR In-house 
ENSMUSG00000090860	Liver	Mouse	2	splineR In-house 
ENSMUSG00000083524	Liver	Mouse	2	splineR In-house 
ENSMUSG00000041333	Liver	Mouse	2	splineR In-house 
ENSMUSG00000083190	Liver	Mouse	2	splineR In-house 
ENSMUSG00000085425	Liver	Mouse	2	splineR In-house 
ENSMUSG00000040840	Liver	Mouse	2	splineR In-house 
ENSMUSG00000082065	Liver	Mouse	2	splineR In-house 
ENSMUSG00000083478	Liver	Mouse	2	splineR In-house 
ENSMUSG00000096674	Liver	Mouse	2	splineR In-house 
ENSMUSG00000083304	Liver	Mouse	2	splineR In-house 
ENSMUSG00000091400	Liver	Mouse	2	splineR In-house 
ENSMUSG00000073842	Liver	Mouse	2	splineR In-house 
ENSMUSG00000029833	Liver	Mouse	2	splineR In-house 
ENSMUSG00000091119	Liver	Mouse	2	splineR In-house 
ENSMUSG00000089873	Liver	Mouse	2	splineR In-house 
ENSMUSG00000041653	Liver	Mouse	2	splineR In-house 
ENSMUSG00000020027	Liver	Mouse	2	splineR In-house 
ENSMUSG00000026691	Liver	Mouse	2	splineR In-house 
ENSMUSG00000097417	Liver	Mouse	2	splineR In-house 
ENSMUSG00000078675	Liver	Mouse	2	splineR In-house 
ENSMUSG00000087327	Liver	Mouse	2	splineR In-house 
ENSMUSG00000027965	Liver	Mouse	2	splineR In-house 
ENSMUSG00000078673	Liver	Mouse	2	splineR In-house 
ENSMUSG00000025270	Liver	Mouse	2	splineR In-house 
ENSMUSG00000074377	Liver	Mouse	2	splineR In-house 
ENSMUSG00000083409	Liver	Mouse	2	splineR In-house 
ENSMUSG00000070811	Liver	Mouse	2	splineR In-house 
ENSMUSG00000022347	Liver	Mouse	2	splineR In-house 
ENSMUSG00000033967	Liver	Mouse	2	splineR In-house 
ENSMUSG00000097799	Liver	Mouse	2	splineR In-house 
ENSMUSG00000052062	Liver	Mouse	2	splineR In-house 
ENSMUSG00000027376	Liver	Mouse	2	splineR In-house 
ENSMUSG00000082644	Liver	Mouse	2	splineR In-house 
ENSMUSG00000096688	Liver	Mouse	2	splineR In-house 
ENSMUSG00000048497	Liver	Mouse	2	splineR In-house 
ENSMUSG00000093006	Liver	Mouse	2	splineR In-house 
ENSMUSG00000082363	Liver	Mouse	2	splineR In-house 
ENSMUSG00000078597	Liver	Mouse	2	splineR In-house 
ENSMUSG00000084309	Liver	Mouse	2	splineR In-house 
ENSMUSG00000078689	Liver	Mouse	2	splineR In-house 
ENSMUSG00000093577	Liver	Mouse	2	splineR In-house 
ENSMUSG00000031326	Liver	Mouse	2	splineR In-house 
ENSMUSG00000099055	Liver	Mouse	2	splineR In-house 
ENSMUSG00000079428	Liver	Mouse	2	splineR In-house 
ENSMUSG00000027568	Liver	Mouse	2	splineR In-house 
ENSMUSG00000094793	Liver	Mouse	2	splineR In-house 
ENSMUSG00000017667	Liver	Mouse	2	splineR In-house 
ENSMUSG00000029802	Liver	Mouse	2	splineR In-house 
ENSMUSG00000078798	Liver	Mouse	2	splineR In-house 
ENSMUSG00000029086	Liver	Mouse	2	splineR In-house 
ENSMUSG00000063590	Liver	Mouse	2	splineR In-house 
ENSMUSG00000070810	Liver	Mouse	2	splineR In-house 
ENSMUSG00000059713	Liver	Mouse	2	splineR In-house 
ENSMUSG00000039519	Liver	Mouse	2	splineR In-house 
ENSMUSG00000088119	Liver	Mouse	2	splineR In-house 
ENSMUSG00000022762	Liver	Mouse	2	splineR In-house 
ENSMUSG00000020937	Liver	Mouse	2	splineR In-house 
ENSMUSG00000032271	Liver	Mouse	2	splineR In-house 
ENSMUSG00000078687	Liver	Mouse	2	splineR In-house 
ENSMUSG00000039552	Liver	Mouse	2	splineR In-house 
ENSMUSG00000057425	Liver	Mouse	2	splineR In-house 
ENSMUSG00000054764	Liver	Mouse	2	splineR In-house 
ENSMUSG00000058523	Liver	Mouse	2	splineR In-house 
ENSMUSG00000078799	Liver	Mouse	2	splineR In-house 
ENSMUSG00000078686	Liver	Mouse	2	splineR In-house 
ENSMUSG00000040329	Liver	Mouse	2	splineR In-house 
ENSMUSG00000033615	Liver	Mouse	2	splineR In-house 
ENSMUSG00000039001	Liver	Mouse	2	splineR In-house 
ENSMUSG00000078680	Liver	Mouse	2	splineR In-house 
ENSMUSG00000070570	Liver	Mouse	2	splineR In-house 
ENSMUSG00000048911	Liver	Mouse	2	splineR In-house 
ENSMUSG00000027489	Liver	Mouse	2	splineR In-house 
ENSMUSG00000038984	Liver	Mouse	2	splineR In-house 
ENSMUSG00000054737	Liver	Mouse	2	splineR In-house 
ENSMUSG00000024486	Liver	Mouse	2	splineR In-house 
ENSMUSG00000001558	Liver	Mouse	2	DESeq2 In-house 
ENSMUSG00000030401	Liver	Mouse	2	DESeq2 In-house 
ENSMUSG00000030851	Liver	Mouse	2	DESeq2 In-house 
ENSMUSG00000050035	Liver	Mouse	2	DESeq2 In-house 
ENSMUSG00000052727	Liver	Mouse	2	DESeq2 In-house 
ENSMUSG00000059751	Liver	Mouse	2	DESeq2 In-house 
ENSMUSG00000015869	Liver	Mouse	3	DESeq2 splineR MaSigPro 
ENSMUSG00000021594	Liver	Mouse	3	DESeq2 splineR MaSigPro 
ENSMUSG00000022620	Liver	Mouse	3	DESeq2 splineR MaSigPro 
ENSMUSG00000024424	Liver	Mouse	3	DESeq2 splineR MaSigPro 
ENSMUSG00000027983	Liver	Mouse	3	DESeq2 splineR MaSigPro 
ENSMUSG00000028114	Liver	Mouse	3	DESeq2 splineR MaSigPro 
ENSMUSG00000028743	Liver	Mouse	3	DESeq2 splineR MaSigPro 
ENSMUSG00000047767	Liver	Mouse	3	DESeq2 splineR MaSigPro 
ENSMUSG00000049086	Liver	Mouse	3	DESeq2 splineR MaSigPro 
ENSMUSG00000074254	Liver	Mouse	3	DESeq2 splineR MaSigPro 
ENSMUSG00000054417	Liver	Mouse	3	splineR MaSigPro In-house 
ENSMUSG00000030562	Liver	Mouse	3	splineR MaSigPro In-house 
ENSMUSG00000038656	Liver	Mouse	3	splineR MaSigPro In-house 
ENSMUSG00000068086	Liver	Mouse	3	splineR MaSigPro In-house 
ENSMUSG00000021228	Liver	Mouse	3	splineR MaSigPro In-house 
ENSMUSG00000055782	Liver	Mouse	3	splineR MaSigPro In-house 
ENSMUSG00000062061	Liver	Mouse	3	splineR MaSigPro In-house 
ENSMUSG00000069668	Liver	Mouse	3	splineR MaSigPro In-house 
ENSMUSG00000075551	Liver	Mouse	3	splineR MaSigPro In-house 
ENSMUSG00000061906	Liver	Mouse	3	splineR MaSigPro In-house 
ENSMUSG00000022215	Liver	Mouse	3	splineR MaSigPro In-house 
ENSMUSG00000067219	Liver	Mouse	3	splineR MaSigPro In-house 
ENSMUSG00000092008	Liver	Mouse	3	splineR MaSigPro In-house 
ENSMUSG00000027870	Liver	Mouse	3	splineR MaSigPro In-house 
ENSMUSG00000069170	Liver	Mouse	3	splineR MaSigPro In-house 
ENSMUSG00000053303	Liver	Mouse	3	splineR MaSigPro In-house 
ENSMUSG00000040583	Liver	Mouse	3	splineR MaSigPro In-house 
ENSMUSG00000027871	Liver	Mouse	3	splineR MaSigPro In-house 
ENSMUSG00000032482	Liver	Mouse	3	splineR MaSigPro In-house 
ENSMUSG00000021665	Liver	Mouse	3	splineR MaSigPro In-house 
ENSMUSG00000066071	Liver	Mouse	3	splineR MaSigPro In-house 
ENSMUSG00000001095	Liver	Mouse	3	splineR MaSigPro In-house 
ENSMUSG00000022340	Liver	Mouse	3	splineR MaSigPro In-house 
ENSMUSG00000040660	Liver	Mouse	3	splineR MaSigPro In-house 
ENSMUSG00000031665	Liver	Mouse	3	splineR MaSigPro In-house 
ENSMUSG00000000149	Liver	Mouse	3	splineR MaSigPro In-house 
ENSMUSG00000027533	Liver	Mouse	3	splineR MaSigPro In-house 
ENSMUSG00000023243	Liver	Mouse	3	splineR MaSigPro In-house 
ENSMUSG00000019935	Liver	Mouse	3	splineR MaSigPro In-house 
ENSMUSG00000057982	Liver	Mouse	3	splineR MaSigPro In-house 
ENSMUSG00000012042	Liver	Mouse	3	splineR MaSigPro In-house 
ENSMUSG00000090306	Liver	Mouse	3	splineR MaSigPro In-house 
ENSMUSG00000078922	Liver	Mouse	3	splineR MaSigPro In-house 
ENSMUSG00000010663	Liver	Mouse	3	splineR MaSigPro In-house 
ENSMUSG00000042248	Liver	Mouse	3	splineR MaSigPro In-house 
ENSMUSG00000035811	Liver	Mouse	3	splineR MaSigPro In-house 
ENSMUSG00000039202	Liver	Mouse	3	splineR MaSigPro In-house 
ENSMUSG00000032386	Liver	Mouse	3	splineR MaSigPro In-house 
ENSMUSG00000050240	Liver	Mouse	3	splineR MaSigPro In-house 
ENSMUSG00000028238	Liver	Mouse	3	splineR MaSigPro In-house 
ENSMUSG00000026315	Liver	Mouse	3	splineR MaSigPro In-house 
ENSMUSG00000074639	Liver	Mouse	3	splineR MaSigPro In-house 
ENSMUSG00000062624	Liver	Mouse	3	splineR MaSigPro In-house 
ENSMUSG00000073834	Liver	Mouse	3	splineR MaSigPro In-house 
ENSMUSG00000020844	Liver	Mouse	3	splineR MaSigPro In-house 
ENSMUSG00000060407	Liver	Mouse	3	splineR MaSigPro In-house 
ENSMUSG00000027762	Liver	Mouse	3	splineR MaSigPro In-house 
ENSMUSG00000015451	Liver	Mouse	3	DESeq2 splineR In-house 
ENSMUSG00000020359	Liver	Mouse	3	DESeq2 splineR In-house 
ENSMUSG00000021416	Liver	Mouse	3	DESeq2 splineR In-house 
ENSMUSG00000021750	Liver	Mouse	3	DESeq2 splineR In-house 
ENSMUSG00000022508	Liver	Mouse	3	DESeq2 splineR In-house 
ENSMUSG00000023930	Liver	Mouse	3	DESeq2 splineR In-house 
ENSMUSG00000025332	Liver	Mouse	3	DESeq2 splineR In-house 
ENSMUSG00000031553	Liver	Mouse	3	DESeq2 splineR In-house 
ENSMUSG00000032557	Liver	Mouse	3	DESeq2 splineR In-house 
ENSMUSG00000035150	Liver	Mouse	3	DESeq2 splineR In-house 
ENSMUSG00000038754	Liver	Mouse	3	DESeq2 splineR In-house 
ENSMUSG00000042246	Liver	Mouse	3	DESeq2 splineR In-house 
ENSMUSG00000043671	Liver	Mouse	3	DESeq2 splineR In-house 
ENSMUSG00000048368	Liver	Mouse	3	DESeq2 splineR In-house 
ENSMUSG00000056436	Liver	Mouse	3	DESeq2 splineR In-house 
ENSMUSG00000101059	Liver	Mouse	3	DESeq2 splineR In-house 
ENSMUSG00000004098	Liver	Mouse	4	DESeq2 splineR MaSigPro In-house 
ENSMUSG00000020684	Liver	Mouse	4	DESeq2 splineR MaSigPro In-house 
ENSMUSG00000022181	Liver	Mouse	4	DESeq2 splineR MaSigPro In-house 
ENSMUSG00000024421	Liver	Mouse	4	DESeq2 splineR MaSigPro In-house 
ENSMUSG00000024697	Liver	Mouse	4	DESeq2 splineR MaSigPro In-house 
ENSMUSG00000028603	Liver	Mouse	4	DESeq2 splineR MaSigPro In-house 
ENSMUSG00000030004	Liver	Mouse	4	DESeq2 splineR MaSigPro In-house 
ENSMUSG00000031226	Liver	Mouse	4	DESeq2 splineR MaSigPro In-house 
ENSMUSG00000037369	Liver	Mouse	4	DESeq2 splineR MaSigPro In-house 
ENSMUSG00000038599	Liver	Mouse	4	DESeq2 splineR MaSigPro In-house 
ENSMUSG00000039958	Liver	Mouse	4	DESeq2 splineR MaSigPro In-house 
ENSMUSG00000056673	Liver	Mouse	4	DESeq2 splineR MaSigPro In-house 
ENSMUSG00000063558	Liver	Mouse	4	DESeq2 splineR MaSigPro In-house 
ENSMUSG00000066153	Liver	Mouse	4	DESeq2 splineR MaSigPro In-house 
ENSMUSG00000068457	Liver	Mouse	4	DESeq2 splineR MaSigPro In-house 
ENSMUSG00000069045	Liver	Mouse	4	DESeq2 splineR MaSigPro In-house 
ENSMUSG00000069049	Liver	Mouse	4	DESeq2 splineR MaSigPro In-house 
ENSMUSG00000075552	Liver	Mouse	4	DESeq2 splineR MaSigPro In-house 
ENSMUSG00000078672	Liver	Mouse	4	DESeq2 splineR MaSigPro In-house 
ENSMUSG00000096852	Liver	Mouse	4	DESeq2 splineR MaSigPro In-house 
ENSMUSG00000099876	Liver	Mouse	4	DESeq2 splineR MaSigPro In-house 
XLOC_044866	Liver	Mouse	4	DESeq2 splineR MaSigPro In-house 
XLOC_045664	Liver	Mouse	4	DESeq2 splineR MaSigPro In-house 
ENSMUSG00000006457	Liver	Mouse	1	DESeq2 
ENSMUSG00000007877	Liver	Mouse	1	DESeq2 
ENSMUSG00000011589	Liver	Mouse	1	DESeq2 
ENSMUSG00000017300	Liver	Mouse	1	DESeq2 
ENSMUSG00000018486	Liver	Mouse	1	DESeq2 
ENSMUSG00000020061	Liver	Mouse	1	DESeq2 
ENSMUSG00000020216	Liver	Mouse	1	DESeq2 
ENSMUSG00000020475	Liver	Mouse	1	DESeq2 
ENSMUSG00000021798	Liver	Mouse	1	DESeq2 
ENSMUSG00000024172	Liver	Mouse	1	DESeq2 
ENSMUSG00000026407	Liver	Mouse	1	DESeq2 
ENSMUSG00000026564	Liver	Mouse	1	DESeq2 
ENSMUSG00000026764	Liver	Mouse	1	DESeq2 
ENSMUSG00000027077	Liver	Mouse	1	DESeq2 
ENSMUSG00000027797	Liver	Mouse	1	DESeq2 
ENSMUSG00000027894	Liver	Mouse	1	DESeq2 
ENSMUSG00000028464	Liver	Mouse	1	DESeq2 
ENSMUSG00000029121	Liver	Mouse	1	DESeq2 
ENSMUSG00000030399	Liver	Mouse	1	DESeq2 
ENSMUSG00000030592	Liver	Mouse	1	DESeq2 
ENSMUSG00000030672	Liver	Mouse	1	DESeq2 
ENSMUSG00000030708	Liver	Mouse	1	DESeq2 
ENSMUSG00000030785	Liver	Mouse	1	DESeq2 
ENSMUSG00000030996	Liver	Mouse	1	DESeq2 
ENSMUSG00000031097	Liver	Mouse	1	DESeq2 
ENSMUSG00000031312	Liver	Mouse	1	DESeq2 
ENSMUSG00000031428	Liver	Mouse	1	DESeq2 
ENSMUSG00000031461	Liver	Mouse	1	DESeq2 
ENSMUSG00000031595	Liver	Mouse	1	DESeq2 
ENSMUSG00000031654	Liver	Mouse	1	DESeq2 
ENSMUSG00000031972	Liver	Mouse	1	DESeq2 
ENSMUSG00000032262	Liver	Mouse	1	DESeq2 
ENSMUSG00000032648	Liver	Mouse	1	DESeq2 
ENSMUSG00000032936	Liver	Mouse	1	DESeq2 
ENSMUSG00000035202	Liver	Mouse	1	DESeq2 
ENSMUSG00000038331	Liver	Mouse	1	DESeq2 
ENSMUSG00000039891	Liver	Mouse	1	DESeq2 
ENSMUSG00000041476	Liver	Mouse	1	DESeq2 
ENSMUSG00000044117	Liver	Mouse	1	DESeq2 
ENSMUSG00000047419	Liver	Mouse	1	DESeq2 
ENSMUSG00000048416	Liver	Mouse	1	DESeq2 
ENSMUSG00000049134	Liver	Mouse	1	DESeq2 
ENSMUSG00000051747	Liver	Mouse	1	DESeq2 
ENSMUSG00000052187	Liver	Mouse	1	DESeq2 
ENSMUSG00000052217	Liver	Mouse	1	DESeq2 
ENSMUSG00000052374	Liver	Mouse	1	DESeq2 
ENSMUSG00000056222	Liver	Mouse	1	DESeq2 
ENSMUSG00000056328	Liver	Mouse	1	DESeq2 
ENSMUSG00000060240	Liver	Mouse	1	DESeq2 
ENSMUSG00000061462	Liver	Mouse	1	DESeq2 
ENSMUSG00000061816	Liver	Mouse	1	DESeq2 
ENSMUSG00000064193	Liver	Mouse	1	DESeq2 
ENSMUSG00000067786	Liver	Mouse	1	DESeq2 
ENSMUSG00000068697	Liver	Mouse	1	DESeq2 
ENSMUSG00000070385	Liver	Mouse	1	DESeq2 
ENSMUSG00000074622	Liver	Mouse	1	DESeq2 
ENSMUSG00000075307	Liver	Mouse	1	DESeq2 
ENSMUSG00000076281	Liver	Mouse	1	DESeq2 
ENSMUSG00000088246	Liver	Mouse	1	DESeq2 
ENSMUSG00000097971	Liver	Mouse	1	DESeq2 
ENSMUSG00000098973	Liver	Mouse	1	DESeq2 
ENSMUSG00000090327	Liver	Mouse	1	splineR 
ENSMUSG00000091367	Liver	Mouse	1	splineR 
ENSMUSG00000090458	Liver	Mouse	1	splineR 
ENSMUSG00000100220	Liver	Mouse	1	splineR 
ENSMUSG00000078719	Liver	Mouse	1	splineR 
ENSMUSG00000097854	Liver	Mouse	1	splineR 
ENSMUSG00000072693	Liver	Mouse	1	splineR 
ENSMUSG00000092395	Liver	Mouse	1	splineR 
ENSMUSG00000084936	Liver	Mouse	1	splineR 
ENSMUSG00000097664	Liver	Mouse	1	splineR 
ENSMUSG00000048316	Liver	Mouse	1	splineR 
ENSMUSG00000086586	Liver	Mouse	1	splineR 
ENSMUSG00000092443	Liver	Mouse	1	splineR 
ENSMUSG00000063656	Liver	Mouse	1	splineR 
ENSMUSG00000097479	Liver	Mouse	1	splineR 
ENSMUSG00000092386	Liver	Mouse	1	splineR 
ENSMUSG00000096944	Liver	Mouse	1	splineR 
ENSMUSG00000063568	Liver	Mouse	1	splineR 
ENSMUSG00000033917	Liver	Mouse	1	splineR 
ENSMUSG00000097698	Liver	Mouse	1	splineR 
ENSMUSG00000074521	Liver	Mouse	1	splineR 
ENSMUSG00000085023	Liver	Mouse	1	splineR 
ENSMUSG00000087950	Liver	Mouse	1	splineR 
ENSMUSG00000022032	Liver	Mouse	1	splineR 
ENSMUSG00000079333	Liver	Mouse	1	splineR 
ENSMUSG00000070332	Liver	Mouse	1	splineR 
ENSMUSG00000095061	Liver	Mouse	1	splineR 
ENSMUSG00000095704	Liver	Mouse	1	splineR 
ENSMUSG00000100468	Liver	Mouse	1	splineR 
ENSMUSG00000101859	Liver	Mouse	1	splineR 
ENSMUSG00000020651	Liver	Mouse	1	splineR 
ENSMUSG00000097810	Liver	Mouse	1	splineR 
ENSMUSG00000101503	Liver	Mouse	1	splineR 
ENSMUSG00000093079	Liver	Mouse	1	splineR 
ENSMUSG00000024222	Liver	Mouse	1	splineR 
ENSMUSG00000002930	Liver	Mouse	1	splineR 
ENSMUSG00000045775	Liver	Mouse	1	splineR 
ENSMUSG00000021953	Liver	Mouse	1	splineR 
ENSMUSG00000010911	Liver	Mouse	1	splineR 
ENSMUSG00000085400	Liver	Mouse	1	splineR 
ENSMUSG00000097704	Liver	Mouse	1	splineR 
ENSMUSG00000035242	Liver	Mouse	1	splineR 
ENSMUSG00000022583	Liver	Mouse	1	splineR 
ENSMUSG00000051456	Liver	Mouse	1	splineR 
ENSMUSG00000098330	Liver	Mouse	1	splineR 
ENSMUSG00000089580	Liver	Mouse	1	splineR 
ENSMUSG00000031545	Liver	Mouse	1	splineR 
ENSMUSG00000028597	Liver	Mouse	1	splineR 
ENSMUSG00000029814	Liver	Mouse	1	splineR 
ENSMUSG00000091648	Liver	Mouse	1	splineR 
ENSMUSG00000091370	Liver	Mouse	1	splineR 
ENSMUSG00000092283	Liver	Mouse	1	splineR 
ENSMUSG00000085359	Liver	Mouse	1	splineR 
ENSMUSG00000079263	Liver	Mouse	1	splineR 
ENSMUSG00000029646	Liver	Mouse	1	splineR 
ENSMUSG00000071586	Liver	Mouse	1	splineR 
ENSMUSG00000069743	Liver	Mouse	1	splineR 
ENSMUSG00000084658	Liver	Mouse	1	splineR 
ENSMUSG00000028268	Liver	Mouse	1	splineR 
ENSMUSG00000059741	Liver	Mouse	1	splineR 
ENSMUSG00000025269	Liver	Mouse	1	splineR 
ENSMUSG00000051853	Liver	Mouse	1	splineR 
ENSMUSG00000048376	Liver	Mouse	1	splineR 
ENSMUSG00000065599	Liver	Mouse	1	splineR 
ENSMUSG00000057262	Liver	Mouse	1	splineR 
ENSMUSG00000049225	Liver	Mouse	1	splineR 
ENSMUSG00000070576	Liver	Mouse	1	splineR 
ENSMUSG00000092416	Liver	Mouse	1	splineR 
ENSMUSG00000034401	Liver	Mouse	1	splineR 
ENSMUSG00000074375	Liver	Mouse	1	splineR 
ENSMUSG00000001672	Liver	Mouse	1	splineR 
ENSMUSG00000034430	Liver	Mouse	1	splineR 
ENSMUSG00000030499	Liver	Mouse	1	splineR 
ENSMUSG00000044349	Liver	Mouse	1	splineR 
ENSMUSG00000024766	Liver	Mouse	1	splineR 
ENSMUSG00000044122	Liver	Mouse	1	splineR 
ENSMUSG00000039233	Liver	Mouse	1	splineR 
ENSMUSG00000050550	Liver	Mouse	1	splineR 
ENSMUSG00000076621	Liver	Mouse	1	splineR 
ENSMUSG00000089051	Liver	Mouse	1	splineR 
ENSMUSG00000026669	Liver	Mouse	1	splineR 
ENSMUSG00000094156	Liver	Mouse	1	splineR 
ENSMUSG00000091971	Liver	Mouse	1	splineR 
ENSMUSG00000029272	Liver	Mouse	1	splineR 
ENSMUSG00000024201	Liver	Mouse	1	splineR 
ENSMUSG00000042942	Liver	Mouse	1	splineR 
ENSMUSG00000022309	Liver	Mouse	1	splineR 
ENSMUSG00000041078	Liver	Mouse	1	splineR 
ENSMUSG00000016528	Liver	Mouse	1	splineR 
ENSMUSG00000057829	Liver	Mouse	1	splineR 
ENSMUSG00000032366	Liver	Mouse	1	splineR 
ENSMUSG00000045613	Liver	Mouse	1	splineR 
ENSMUSG00000054046	Liver	Mouse	1	splineR 
ENSMUSG00000052407	Liver	Mouse	1	splineR 
ENSMUSG00000026767	Liver	Mouse	1	splineR 
ENSMUSG00000098915	Liver	Mouse	1	splineR 
ENSMUSG00000088651	Liver	Mouse	1	splineR 
ENSMUSG00000037669	Liver	Mouse	1	splineR 
ENSMUSG00000030022	Liver	Mouse	1	splineR 
ENSMUSG00000030669	Liver	Mouse	1	splineR 
ENSMUSG00000020458	Liver	Mouse	1	splineR 
ENSMUSG00000000078	Liver	Mouse	1	splineR 
ENSMUSG00000000088	Liver	Mouse	1	MaSigPro 
ENSMUSG00000000159	Liver	Mouse	1	MaSigPro 
ENSMUSG00000000365	Liver	Mouse	1	MaSigPro 
ENSMUSG00000000420	Liver	Mouse	1	MaSigPro 
ENSMUSG00000000568	Liver	Mouse	1	MaSigPro 
ENSMUSG00000000686	Liver	Mouse	1	MaSigPro 
ENSMUSG00000000708	Liver	Mouse	1	MaSigPro 
ENSMUSG00000000902	Liver	Mouse	1	MaSigPro 
ENSMUSG00000001280	Liver	Mouse	1	MaSigPro 
ENSMUSG00000001380	Liver	Mouse	1	MaSigPro 
ENSMUSG00000001521	Liver	Mouse	1	MaSigPro 
ENSMUSG00000001642	Liver	Mouse	1	MaSigPro 
ENSMUSG00000001729	Liver	Mouse	1	MaSigPro 
ENSMUSG00000002006	Liver	Mouse	1	MaSigPro 
ENSMUSG00000002108	Liver	Mouse	1	MaSigPro 
ENSMUSG00000002274	Liver	Mouse	1	MaSigPro 
ENSMUSG00000002307	Liver	Mouse	1	MaSigPro 
ENSMUSG00000002393	Liver	Mouse	1	MaSigPro 
ENSMUSG00000002763	Liver	Mouse	1	MaSigPro 
ENSMUSG00000002844	Liver	Mouse	1	MaSigPro 
ENSMUSG00000002870	Liver	Mouse	1	MaSigPro 
ENSMUSG00000003038	Liver	Mouse	1	MaSigPro 
ENSMUSG00000003166	Liver	Mouse	1	MaSigPro 
ENSMUSG00000003380	Liver	Mouse	1	MaSigPro 
ENSMUSG00000003429	Liver	Mouse	1	MaSigPro 
ENSMUSG00000003546	Liver	Mouse	1	MaSigPro 
ENSMUSG00000003573	Liver	Mouse	1	MaSigPro 
ENSMUSG00000003746	Liver	Mouse	1	MaSigPro 
ENSMUSG00000003778	Liver	Mouse	1	MaSigPro 
ENSMUSG00000004044	Liver	Mouse	1	MaSigPro 
ENSMUSG00000004187	Liver	Mouse	1	MaSigPro 
ENSMUSG00000004455	Liver	Mouse	1	MaSigPro 
ENSMUSG00000004661	Liver	Mouse	1	MaSigPro 
ENSMUSG00000004798	Liver	Mouse	1	MaSigPro 
ENSMUSG00000004815	Liver	Mouse	1	MaSigPro 
ENSMUSG00000004931	Liver	Mouse	1	MaSigPro 
ENSMUSG00000004945	Liver	Mouse	1	MaSigPro 
ENSMUSG00000005410	Liver	Mouse	1	MaSigPro 
ENSMUSG00000005506	Liver	Mouse	1	MaSigPro 
ENSMUSG00000005566	Liver	Mouse	1	MaSigPro 
ENSMUSG00000005580	Liver	Mouse	1	MaSigPro 
ENSMUSG00000005667	Liver	Mouse	1	MaSigPro 
ENSMUSG00000005718	Liver	Mouse	1	MaSigPro 
ENSMUSG00000005893	Liver	Mouse	1	MaSigPro 
ENSMUSG00000006005	Liver	Mouse	1	MaSigPro 
ENSMUSG00000006021	Liver	Mouse	1	MaSigPro 
ENSMUSG00000006373	Liver	Mouse	1	MaSigPro 
ENSMUSG00000006418	Liver	Mouse	1	MaSigPro 
ENSMUSG00000006476	Liver	Mouse	1	MaSigPro 
ENSMUSG00000006576	Liver	Mouse	1	MaSigPro 
ENSMUSG00000006711	Liver	Mouse	1	MaSigPro 
ENSMUSG00000006728	Liver	Mouse	1	MaSigPro 
ENSMUSG00000007039	Liver	Mouse	1	MaSigPro 
ENSMUSG00000007594	Liver	Mouse	1	MaSigPro 
ENSMUSG00000007836	Liver	Mouse	1	MaSigPro 
ENSMUSG00000007950	Liver	Mouse	1	MaSigPro 
ENSMUSG00000008200	Liver	Mouse	1	MaSigPro 
ENSMUSG00000008450	Liver	Mouse	1	MaSigPro 
ENSMUSG00000008540	Liver	Mouse	1	MaSigPro 
ENSMUSG00000009376	Liver	Mouse	1	MaSigPro 
ENSMUSG00000009621	Liver	Mouse	1	MaSigPro 
ENSMUSG00000009739	Liver	Mouse	1	MaSigPro 
ENSMUSG00000009741	Liver	Mouse	1	MaSigPro 
ENSMUSG00000011831	Liver	Mouse	1	MaSigPro 
ENSMUSG00000012296	Liver	Mouse	1	MaSigPro 
ENSMUSG00000012535	Liver	Mouse	1	MaSigPro 
ENSMUSG00000013155	Liver	Mouse	1	MaSigPro 
ENSMUSG00000014074	Liver	Mouse	1	MaSigPro 
ENSMUSG00000014303	Liver	Mouse	1	MaSigPro 
ENSMUSG00000014606	Liver	Mouse	1	MaSigPro 
ENSMUSG00000014773	Liver	Mouse	1	MaSigPro 
ENSMUSG00000014859	Liver	Mouse	1	MaSigPro 
ENSMUSG00000014980	Liver	Mouse	1	MaSigPro 
ENSMUSG00000015016	Liver	Mouse	1	MaSigPro 
ENSMUSG00000015165	Liver	Mouse	1	MaSigPro 
ENSMUSG00000015474	Liver	Mouse	1	MaSigPro 
ENSMUSG00000015748	Liver	Mouse	1	MaSigPro 
ENSMUSG00000015757	Liver	Mouse	1	MaSigPro 
ENSMUSG00000015970	Liver	Mouse	1	MaSigPro 
ENSMUSG00000016496	Liver	Mouse	1	MaSigPro 
ENSMUSG00000016552	Liver	Mouse	1	MaSigPro 
ENSMUSG00000016940	Liver	Mouse	1	MaSigPro 
ENSMUSG00000017421	Liver	Mouse	1	MaSigPro 
ENSMUSG00000017747	Liver	Mouse	1	MaSigPro 
ENSMUSG00000017754	Liver	Mouse	1	MaSigPro 
ENSMUSG00000017756	Liver	Mouse	1	MaSigPro 
ENSMUSG00000017764	Liver	Mouse	1	MaSigPro 
ENSMUSG00000017858	Liver	Mouse	1	MaSigPro 
ENSMUSG00000017978	Liver	Mouse	1	MaSigPro 
ENSMUSG00000018189	Liver	Mouse	1	MaSigPro 
ENSMUSG00000018209	Liver	Mouse	1	MaSigPro 
ENSMUSG00000018548	Liver	Mouse	1	MaSigPro 
ENSMUSG00000018572	Liver	Mouse	1	MaSigPro 
ENSMUSG00000018965	Liver	Mouse	1	MaSigPro 
ENSMUSG00000019080	Liver	Mouse	1	MaSigPro 
ENSMUSG00000019232	Liver	Mouse	1	MaSigPro 
ENSMUSG00000019261	Liver	Mouse	1	MaSigPro 
ENSMUSG00000019312	Liver	Mouse	1	MaSigPro 
ENSMUSG00000019368	Liver	Mouse	1	MaSigPro 
ENSMUSG00000019907	Liver	Mouse	1	MaSigPro 
ENSMUSG00000020024	Liver	Mouse	1	MaSigPro 
ENSMUSG00000020051	Liver	Mouse	1	MaSigPro 
ENSMUSG00000020069	Liver	Mouse	1	MaSigPro 
ENSMUSG00000020074	Liver	Mouse	1	MaSigPro 
ENSMUSG00000020156	Liver	Mouse	1	MaSigPro 
ENSMUSG00000020167	Liver	Mouse	1	MaSigPro 
ENSMUSG00000020171	Liver	Mouse	1	MaSigPro 
ENSMUSG00000020230	Liver	Mouse	1	MaSigPro 
ENSMUSG00000020288	Liver	Mouse	1	MaSigPro 
ENSMUSG00000020311	Liver	Mouse	1	MaSigPro 
ENSMUSG00000020432	Liver	Mouse	1	MaSigPro 
ENSMUSG00000020454	Liver	Mouse	1	MaSigPro 
ENSMUSG00000020483	Liver	Mouse	1	MaSigPro 
ENSMUSG00000020592	Liver	Mouse	1	MaSigPro 
ENSMUSG00000020608	Liver	Mouse	1	MaSigPro 
ENSMUSG00000020641	Liver	Mouse	1	MaSigPro 
ENSMUSG00000020673	Liver	Mouse	1	MaSigPro 
ENSMUSG00000020687	Liver	Mouse	1	MaSigPro 
ENSMUSG00000020718	Liver	Mouse	1	MaSigPro 
ENSMUSG00000020745	Liver	Mouse	1	MaSigPro 
ENSMUSG00000020770	Liver	Mouse	1	MaSigPro 
ENSMUSG00000020808	Liver	Mouse	1	MaSigPro 
ENSMUSG00000020810	Liver	Mouse	1	MaSigPro 
ENSMUSG00000020812	Liver	Mouse	1	MaSigPro 
ENSMUSG00000020821	Liver	Mouse	1	MaSigPro 
ENSMUSG00000020830	Liver	Mouse	1	MaSigPro 
ENSMUSG00000020840	Liver	Mouse	1	MaSigPro 
ENSMUSG00000020865	Liver	Mouse	1	MaSigPro 
ENSMUSG00000020898	Liver	Mouse	1	MaSigPro 
ENSMUSG00000020921	Liver	Mouse	1	MaSigPro 
ENSMUSG00000020926	Liver	Mouse	1	MaSigPro 
ENSMUSG00000020956	Liver	Mouse	1	MaSigPro 
ENSMUSG00000020988	Liver	Mouse	1	MaSigPro 
ENSMUSG00000020994	Liver	Mouse	1	MaSigPro 
ENSMUSG00000021000	Liver	Mouse	1	MaSigPro 
ENSMUSG00000021039	Liver	Mouse	1	MaSigPro 
ENSMUSG00000021054	Liver	Mouse	1	MaSigPro 
ENSMUSG00000021067	Liver	Mouse	1	MaSigPro 
ENSMUSG00000021211	Liver	Mouse	1	MaSigPro 
ENSMUSG00000021213	Liver	Mouse	1	MaSigPro 
ENSMUSG00000021236	Liver	Mouse	1	MaSigPro 
ENSMUSG00000021240	Liver	Mouse	1	MaSigPro 
ENSMUSG00000021302	Liver	Mouse	1	MaSigPro 
ENSMUSG00000021311	Liver	Mouse	1	MaSigPro 
ENSMUSG00000021371	Liver	Mouse	1	MaSigPro 
ENSMUSG00000021413	Liver	Mouse	1	MaSigPro 
ENSMUSG00000021428	Liver	Mouse	1	MaSigPro 
ENSMUSG00000021509	Liver	Mouse	1	MaSigPro 
ENSMUSG00000021537	Liver	Mouse	1	MaSigPro 
ENSMUSG00000021556	Liver	Mouse	1	MaSigPro 
ENSMUSG00000021615	Liver	Mouse	1	MaSigPro 
ENSMUSG00000021635	Liver	Mouse	1	MaSigPro 
ENSMUSG00000021646	Liver	Mouse	1	MaSigPro 
ENSMUSG00000021687	Liver	Mouse	1	MaSigPro 
ENSMUSG00000021692	Liver	Mouse	1	MaSigPro 
ENSMUSG00000021714	Liver	Mouse	1	MaSigPro 
ENSMUSG00000021748	Liver	Mouse	1	MaSigPro 
ENSMUSG00000021772	Liver	Mouse	1	MaSigPro 
ENSMUSG00000021779	Liver	Mouse	1	MaSigPro 
ENSMUSG00000021866	Liver	Mouse	1	MaSigPro 
ENSMUSG00000021891	Liver	Mouse	1	MaSigPro 
ENSMUSG00000021892	Liver	Mouse	1	MaSigPro 
ENSMUSG00000021900	Liver	Mouse	1	MaSigPro 
ENSMUSG00000021913	Liver	Mouse	1	MaSigPro 
ENSMUSG00000021947	Liver	Mouse	1	MaSigPro 
ENSMUSG00000021951	Liver	Mouse	1	MaSigPro 
ENSMUSG00000021982	Liver	Mouse	1	MaSigPro 
ENSMUSG00000022000	Liver	Mouse	1	MaSigPro 
ENSMUSG00000022020	Liver	Mouse	1	MaSigPro 
ENSMUSG00000022048	Liver	Mouse	1	MaSigPro 
ENSMUSG00000022098	Liver	Mouse	1	MaSigPro 
ENSMUSG00000022149	Liver	Mouse	1	MaSigPro 
ENSMUSG00000022151	Liver	Mouse	1	MaSigPro 
ENSMUSG00000022195	Liver	Mouse	1	MaSigPro 
ENSMUSG00000022199	Liver	Mouse	1	MaSigPro 
ENSMUSG00000022237	Liver	Mouse	1	MaSigPro 
ENSMUSG00000022307	Liver	Mouse	1	MaSigPro 
ENSMUSG00000022325	Liver	Mouse	1	MaSigPro 
ENSMUSG00000022329	Liver	Mouse	1	MaSigPro 
ENSMUSG00000022400	Liver	Mouse	1	MaSigPro 
ENSMUSG00000022466	Liver	Mouse	1	MaSigPro 
ENSMUSG00000022526	Liver	Mouse	1	MaSigPro 
ENSMUSG00000022546	Liver	Mouse	1	MaSigPro 
ENSMUSG00000022558	Liver	Mouse	1	MaSigPro 
ENSMUSG00000022562	Liver	Mouse	1	MaSigPro 
ENSMUSG00000022575	Liver	Mouse	1	MaSigPro 
ENSMUSG00000022582	Liver	Mouse	1	MaSigPro 
ENSMUSG00000022663	Liver	Mouse	1	MaSigPro 
ENSMUSG00000022673	Liver	Mouse	1	MaSigPro 
ENSMUSG00000022702	Liver	Mouse	1	MaSigPro 
ENSMUSG00000022704	Liver	Mouse	1	MaSigPro 
ENSMUSG00000022710	Liver	Mouse	1	MaSigPro 
ENSMUSG00000022750	Liver	Mouse	1	MaSigPro 
ENSMUSG00000022797	Liver	Mouse	1	MaSigPro 
ENSMUSG00000022842	Liver	Mouse	1	MaSigPro 
ENSMUSG00000022855	Liver	Mouse	1	MaSigPro 
ENSMUSG00000022858	Liver	Mouse	1	MaSigPro 
ENSMUSG00000022868	Liver	Mouse	1	MaSigPro 
ENSMUSG00000022948	Liver	Mouse	1	MaSigPro 
ENSMUSG00000022978	Liver	Mouse	1	MaSigPro 
ENSMUSG00000022999	Liver	Mouse	1	MaSigPro 
ENSMUSG00000023050	Liver	Mouse	1	MaSigPro 
ENSMUSG00000023106	Liver	Mouse	1	MaSigPro 
ENSMUSG00000023755	Liver	Mouse	1	MaSigPro 
ENSMUSG00000023826	Liver	Mouse	1	MaSigPro 
ENSMUSG00000023861	Liver	Mouse	1	MaSigPro 
ENSMUSG00000023883	Liver	Mouse	1	MaSigPro 
ENSMUSG00000023919	Liver	Mouse	1	MaSigPro 
ENSMUSG00000023932	Liver	Mouse	1	MaSigPro 
ENSMUSG00000023960	Liver	Mouse	1	MaSigPro 
ENSMUSG00000024029	Liver	Mouse	1	MaSigPro 
ENSMUSG00000024048	Liver	Mouse	1	MaSigPro 
ENSMUSG00000024066	Liver	Mouse	1	MaSigPro 
ENSMUSG00000024070	Liver	Mouse	1	MaSigPro 
ENSMUSG00000024130	Liver	Mouse	1	MaSigPro 
ENSMUSG00000024174	Liver	Mouse	1	MaSigPro 
ENSMUSG00000024177	Liver	Mouse	1	MaSigPro 
ENSMUSG00000024213	Liver	Mouse	1	MaSigPro 
ENSMUSG00000024240	Liver	Mouse	1	MaSigPro 
ENSMUSG00000024258	Liver	Mouse	1	MaSigPro 
ENSMUSG00000024352	Liver	Mouse	1	MaSigPro 
ENSMUSG00000024370	Liver	Mouse	1	MaSigPro 
ENSMUSG00000024457	Liver	Mouse	1	MaSigPro 
ENSMUSG00000024485	Liver	Mouse	1	MaSigPro 
ENSMUSG00000024493	Liver	Mouse	1	MaSigPro 
ENSMUSG00000024498	Liver	Mouse	1	MaSigPro 
ENSMUSG00000024539	Liver	Mouse	1	MaSigPro 
ENSMUSG00000024579	Liver	Mouse	1	MaSigPro 
ENSMUSG00000024593	Liver	Mouse	1	MaSigPro 
ENSMUSG00000024604	Liver	Mouse	1	MaSigPro 
ENSMUSG00000024665	Liver	Mouse	1	MaSigPro 
ENSMUSG00000024694	Liver	Mouse	1	MaSigPro 
ENSMUSG00000024789	Liver	Mouse	1	MaSigPro 
ENSMUSG00000024800	Liver	Mouse	1	MaSigPro 
ENSMUSG00000024868	Liver	Mouse	1	MaSigPro 
ENSMUSG00000024873	Liver	Mouse	1	MaSigPro 
ENSMUSG00000024891	Liver	Mouse	1	MaSigPro 
ENSMUSG00000024909	Liver	Mouse	1	MaSigPro 
ENSMUSG00000024953	Liver	Mouse	1	MaSigPro 
ENSMUSG00000024955	Liver	Mouse	1	MaSigPro 
ENSMUSG00000024974	Liver	Mouse	1	MaSigPro 
ENSMUSG00000024981	Liver	Mouse	1	MaSigPro 
ENSMUSG00000024991	Liver	Mouse	1	MaSigPro 
ENSMUSG00000025041	Liver	Mouse	1	MaSigPro 
ENSMUSG00000025060	Liver	Mouse	1	MaSigPro 
ENSMUSG00000025068	Liver	Mouse	1	MaSigPro 
ENSMUSG00000025103	Liver	Mouse	1	MaSigPro 
ENSMUSG00000025140	Liver	Mouse	1	MaSigPro 
ENSMUSG00000025173	Liver	Mouse	1	MaSigPro 
ENSMUSG00000025194	Liver	Mouse	1	MaSigPro 
ENSMUSG00000025199	Liver	Mouse	1	MaSigPro 
ENSMUSG00000025218	Liver	Mouse	1	MaSigPro 
ENSMUSG00000025231	Liver	Mouse	1	MaSigPro 
ENSMUSG00000025265	Liver	Mouse	1	MaSigPro 
ENSMUSG00000025268	Liver	Mouse	1	MaSigPro 
ENSMUSG00000025439	Liver	Mouse	1	MaSigPro 
ENSMUSG00000025453	Liver	Mouse	1	MaSigPro 
ENSMUSG00000025533	Liver	Mouse	1	MaSigPro 
ENSMUSG00000025545	Liver	Mouse	1	MaSigPro 
ENSMUSG00000025646	Liver	Mouse	1	MaSigPro 
ENSMUSG00000025782	Liver	Mouse	1	MaSigPro 
ENSMUSG00000025855	Liver	Mouse	1	MaSigPro 
ENSMUSG00000026020	Liver	Mouse	1	MaSigPro 
ENSMUSG00000026037	Liver	Mouse	1	MaSigPro 
ENSMUSG00000026049	Liver	Mouse	1	MaSigPro 
ENSMUSG00000026083	Liver	Mouse	1	MaSigPro 
ENSMUSG00000026116	Liver	Mouse	1	MaSigPro 
ENSMUSG00000026117	Liver	Mouse	1	MaSigPro 
ENSMUSG00000026147	Liver	Mouse	1	MaSigPro 
ENSMUSG00000026154	Liver	Mouse	1	MaSigPro 
ENSMUSG00000026159	Liver	Mouse	1	MaSigPro 
ENSMUSG00000026207	Liver	Mouse	1	MaSigPro 
ENSMUSG00000026234	Liver	Mouse	1	MaSigPro 
ENSMUSG00000026269	Liver	Mouse	1	MaSigPro 
ENSMUSG00000026311	Liver	Mouse	1	MaSigPro 
ENSMUSG00000026355	Liver	Mouse	1	MaSigPro 
ENSMUSG00000026473	Liver	Mouse	1	MaSigPro 
ENSMUSG00000026492	Liver	Mouse	1	MaSigPro 
ENSMUSG00000026547	Liver	Mouse	1	MaSigPro 
ENSMUSG00000026571	Liver	Mouse	1	MaSigPro 
ENSMUSG00000026573	Liver	Mouse	1	MaSigPro 
ENSMUSG00000026626	Liver	Mouse	1	MaSigPro 
ENSMUSG00000026627	Liver	Mouse	1	MaSigPro 
ENSMUSG00000026664	Liver	Mouse	1	MaSigPro 
ENSMUSG00000026692	Liver	Mouse	1	MaSigPro 
ENSMUSG00000026701	Liver	Mouse	1	MaSigPro 
ENSMUSG00000026743	Liver	Mouse	1	MaSigPro 
ENSMUSG00000026781	Liver	Mouse	1	MaSigPro 
ENSMUSG00000026785	Liver	Mouse	1	MaSigPro 
ENSMUSG00000026816	Liver	Mouse	1	MaSigPro 
ENSMUSG00000026822	Liver	Mouse	1	MaSigPro 
ENSMUSG00000026825	Liver	Mouse	1	MaSigPro 
ENSMUSG00000026857	Liver	Mouse	1	MaSigPro 
ENSMUSG00000026858	Liver	Mouse	1	MaSigPro 
ENSMUSG00000026866	Liver	Mouse	1	MaSigPro 
ENSMUSG00000026941	Liver	Mouse	1	MaSigPro 
ENSMUSG00000027131	Liver	Mouse	1	MaSigPro 
ENSMUSG00000027173	Liver	Mouse	1	MaSigPro 
ENSMUSG00000027201	Liver	Mouse	1	MaSigPro 
ENSMUSG00000027227	Liver	Mouse	1	MaSigPro 
ENSMUSG00000027261	Liver	Mouse	1	MaSigPro 
ENSMUSG00000027353	Liver	Mouse	1	MaSigPro 
ENSMUSG00000027397	Liver	Mouse	1	MaSigPro 
ENSMUSG00000027602	Liver	Mouse	1	MaSigPro 
ENSMUSG00000027635	Liver	Mouse	1	MaSigPro 
ENSMUSG00000027641	Liver	Mouse	1	MaSigPro 
ENSMUSG00000027655	Liver	Mouse	1	MaSigPro 
ENSMUSG00000027667	Liver	Mouse	1	MaSigPro 
ENSMUSG00000027706	Liver	Mouse	1	MaSigPro 
ENSMUSG00000027751	Liver	Mouse	1	MaSigPro 
ENSMUSG00000027775	Liver	Mouse	1	MaSigPro 
ENSMUSG00000027860	Liver	Mouse	1	MaSigPro 
ENSMUSG00000027932	Liver	Mouse	1	MaSigPro 
ENSMUSG00000028008	Liver	Mouse	1	MaSigPro 
ENSMUSG00000028020	Liver	Mouse	1	MaSigPro 
ENSMUSG00000028037	Liver	Mouse	1	MaSigPro 
ENSMUSG00000028069	Liver	Mouse	1	MaSigPro 
ENSMUSG00000028082	Liver	Mouse	1	MaSigPro 
ENSMUSG00000028088	Liver	Mouse	1	MaSigPro 
ENSMUSG00000028102	Liver	Mouse	1	MaSigPro 
ENSMUSG00000028136	Liver	Mouse	1	MaSigPro 
ENSMUSG00000028145	Liver	Mouse	1	MaSigPro 
ENSMUSG00000028149	Liver	Mouse	1	MaSigPro 
ENSMUSG00000028167	Liver	Mouse	1	MaSigPro 
ENSMUSG00000028445	Liver	Mouse	1	MaSigPro 
ENSMUSG00000028469	Liver	Mouse	1	MaSigPro 
ENSMUSG00000028521	Liver	Mouse	1	MaSigPro 
ENSMUSG00000028532	Liver	Mouse	1	MaSigPro 
ENSMUSG00000028559	Liver	Mouse	1	MaSigPro 
ENSMUSG00000028560	Liver	Mouse	1	MaSigPro 
ENSMUSG00000028599	Liver	Mouse	1	MaSigPro 
ENSMUSG00000028629	Liver	Mouse	1	MaSigPro 
ENSMUSG00000028636	Liver	Mouse	1	MaSigPro 
ENSMUSG00000028683	Liver	Mouse	1	MaSigPro 
ENSMUSG00000028692	Liver	Mouse	1	MaSigPro 
ENSMUSG00000028706	Liver	Mouse	1	MaSigPro 
ENSMUSG00000028790	Liver	Mouse	1	MaSigPro 
ENSMUSG00000028799	Liver	Mouse	1	MaSigPro 
ENSMUSG00000028800	Liver	Mouse	1	MaSigPro 
ENSMUSG00000028838	Liver	Mouse	1	MaSigPro 
ENSMUSG00000028919	Liver	Mouse	1	MaSigPro 
ENSMUSG00000028944	Liver	Mouse	1	MaSigPro 
ENSMUSG00000028955	Liver	Mouse	1	MaSigPro 
ENSMUSG00000028980	Liver	Mouse	1	MaSigPro 
ENSMUSG00000029014	Liver	Mouse	1	MaSigPro 
ENSMUSG00000029053	Liver	Mouse	1	MaSigPro 
ENSMUSG00000029060	Liver	Mouse	1	MaSigPro 
ENSMUSG00000029064	Liver	Mouse	1	MaSigPro 
ENSMUSG00000029093	Liver	Mouse	1	MaSigPro 
ENSMUSG00000029153	Liver	Mouse	1	MaSigPro 
ENSMUSG00000029188	Liver	Mouse	1	MaSigPro 
ENSMUSG00000029202	Liver	Mouse	1	MaSigPro 
ENSMUSG00000029217	Liver	Mouse	1	MaSigPro 
ENSMUSG00000029234	Liver	Mouse	1	MaSigPro 
ENSMUSG00000029250	Liver	Mouse	1	MaSigPro 
ENSMUSG00000029328	Liver	Mouse	1	MaSigPro 
ENSMUSG00000029344	Liver	Mouse	1	MaSigPro 
ENSMUSG00000029368	Liver	Mouse	1	MaSigPro 
ENSMUSG00000029380	Liver	Mouse	1	MaSigPro 
ENSMUSG00000029415	Liver	Mouse	1	MaSigPro 
ENSMUSG00000029426	Liver	Mouse	1	MaSigPro 
ENSMUSG00000029456	Liver	Mouse	1	MaSigPro 
ENSMUSG00000029458	Liver	Mouse	1	MaSigPro 
ENSMUSG00000029475	Liver	Mouse	1	MaSigPro 
ENSMUSG00000029510	Liver	Mouse	1	MaSigPro 
ENSMUSG00000029538	Liver	Mouse	1	MaSigPro 
ENSMUSG00000029581	Liver	Mouse	1	MaSigPro 
ENSMUSG00000029597	Liver	Mouse	1	MaSigPro 
ENSMUSG00000029635	Liver	Mouse	1	MaSigPro 
ENSMUSG00000029656	Liver	Mouse	1	MaSigPro 
ENSMUSG00000029664	Liver	Mouse	1	MaSigPro 
ENSMUSG00000029777	Liver	Mouse	1	MaSigPro 
ENSMUSG00000029782	Liver	Mouse	1	MaSigPro 
ENSMUSG00000029798	Liver	Mouse	1	MaSigPro 
ENSMUSG00000029869	Liver	Mouse	1	MaSigPro 
ENSMUSG00000029999	Liver	Mouse	1	MaSigPro 
ENSMUSG00000030019	Liver	Mouse	1	MaSigPro 
ENSMUSG00000030087	Liver	Mouse	1	MaSigPro 
ENSMUSG00000030095	Liver	Mouse	1	MaSigPro 
ENSMUSG00000030102	Liver	Mouse	1	MaSigPro 
ENSMUSG00000030122	Liver	Mouse	1	MaSigPro 
ENSMUSG00000030145	Liver	Mouse	1	MaSigPro 
ENSMUSG00000030219	Liver	Mouse	1	MaSigPro 
ENSMUSG00000030246	Liver	Mouse	1	MaSigPro 
ENSMUSG00000030264	Liver	Mouse	1	MaSigPro 
ENSMUSG00000030314	Liver	Mouse	1	MaSigPro 
ENSMUSG00000030443	Liver	Mouse	1	MaSigPro 
ENSMUSG00000030483	Liver	Mouse	1	MaSigPro 
ENSMUSG00000030498	Liver	Mouse	1	MaSigPro 
ENSMUSG00000030556	Liver	Mouse	1	MaSigPro 
ENSMUSG00000030579	Liver	Mouse	1	MaSigPro 
ENSMUSG00000030584	Liver	Mouse	1	MaSigPro 
ENSMUSG00000030602	Liver	Mouse	1	MaSigPro 
ENSMUSG00000030641	Liver	Mouse	1	MaSigPro 
ENSMUSG00000030711	Liver	Mouse	1	MaSigPro 
ENSMUSG00000030726	Liver	Mouse	1	MaSigPro 
ENSMUSG00000030731	Liver	Mouse	1	MaSigPro 
ENSMUSG00000030795	Liver	Mouse	1	MaSigPro 
ENSMUSG00000030811	Liver	Mouse	1	MaSigPro 
ENSMUSG00000030970	Liver	Mouse	1	MaSigPro 
ENSMUSG00000030990	Liver	Mouse	1	MaSigPro 
ENSMUSG00000031107	Liver	Mouse	1	MaSigPro 
ENSMUSG00000031167	Liver	Mouse	1	MaSigPro 
ENSMUSG00000031176	Liver	Mouse	1	MaSigPro 
ENSMUSG00000031256	Liver	Mouse	1	MaSigPro 
ENSMUSG00000031314	Liver	Mouse	1	MaSigPro 
ENSMUSG00000031327	Liver	Mouse	1	MaSigPro 
ENSMUSG00000031399	Liver	Mouse	1	MaSigPro 
ENSMUSG00000031431	Liver	Mouse	1	MaSigPro 
ENSMUSG00000031447	Liver	Mouse	1	MaSigPro 
ENSMUSG00000031451	Liver	Mouse	1	MaSigPro 
ENSMUSG00000031482	Liver	Mouse	1	MaSigPro 
ENSMUSG00000031485	Liver	Mouse	1	MaSigPro 
ENSMUSG00000031489	Liver	Mouse	1	MaSigPro 
ENSMUSG00000031549	Liver	Mouse	1	MaSigPro 
ENSMUSG00000031556	Liver	Mouse	1	MaSigPro 
ENSMUSG00000031570	Liver	Mouse	1	MaSigPro 
ENSMUSG00000031578	Liver	Mouse	1	MaSigPro 
ENSMUSG00000031618	Liver	Mouse	1	MaSigPro 
ENSMUSG00000031626	Liver	Mouse	1	MaSigPro 
ENSMUSG00000031634	Liver	Mouse	1	MaSigPro 
ENSMUSG00000031637	Liver	Mouse	1	MaSigPro 
ENSMUSG00000031660	Liver	Mouse	1	MaSigPro 
ENSMUSG00000031698	Liver	Mouse	1	MaSigPro 
ENSMUSG00000031700	Liver	Mouse	1	MaSigPro 
ENSMUSG00000031753	Liver	Mouse	1	MaSigPro 
ENSMUSG00000031767	Liver	Mouse	1	MaSigPro 
ENSMUSG00000031776	Liver	Mouse	1	MaSigPro 
ENSMUSG00000031813	Liver	Mouse	1	MaSigPro 
ENSMUSG00000031840	Liver	Mouse	1	MaSigPro 
ENSMUSG00000031843	Liver	Mouse	1	MaSigPro 
ENSMUSG00000031865	Liver	Mouse	1	MaSigPro 
ENSMUSG00000031902	Liver	Mouse	1	MaSigPro 
ENSMUSG00000031903	Liver	Mouse	1	MaSigPro 
ENSMUSG00000031922	Liver	Mouse	1	MaSigPro 
ENSMUSG00000031939	Liver	Mouse	1	MaSigPro 
ENSMUSG00000031951	Liver	Mouse	1	MaSigPro 
ENSMUSG00000031954	Liver	Mouse	1	MaSigPro 
ENSMUSG00000031969	Liver	Mouse	1	MaSigPro 
ENSMUSG00000031982	Liver	Mouse	1	MaSigPro 
ENSMUSG00000032103	Liver	Mouse	1	MaSigPro 
ENSMUSG00000032212	Liver	Mouse	1	MaSigPro 
ENSMUSG00000032221	Liver	Mouse	1	MaSigPro 
ENSMUSG00000032308	Liver	Mouse	1	MaSigPro 
ENSMUSG00000032330	Liver	Mouse	1	MaSigPro 
ENSMUSG00000032407	Liver	Mouse	1	MaSigPro 
ENSMUSG00000032485	Liver	Mouse	1	MaSigPro 
ENSMUSG00000032491	Liver	Mouse	1	MaSigPro 
ENSMUSG00000032500	Liver	Mouse	1	MaSigPro 
ENSMUSG00000032582	Liver	Mouse	1	MaSigPro 
ENSMUSG00000032657	Liver	Mouse	1	MaSigPro 
ENSMUSG00000032702	Liver	Mouse	1	MaSigPro 
ENSMUSG00000032733	Liver	Mouse	1	MaSigPro 
ENSMUSG00000032776	Liver	Mouse	1	MaSigPro 
ENSMUSG00000032786	Liver	Mouse	1	MaSigPro 
ENSMUSG00000032850	Liver	Mouse	1	MaSigPro 
ENSMUSG00000032867	Liver	Mouse	1	MaSigPro 
ENSMUSG00000032959	Liver	Mouse	1	MaSigPro 
ENSMUSG00000032997	Liver	Mouse	1	MaSigPro 
ENSMUSG00000033054	Liver	Mouse	1	MaSigPro 
ENSMUSG00000033126	Liver	Mouse	1	MaSigPro 
ENSMUSG00000033147	Liver	Mouse	1	MaSigPro 
ENSMUSG00000033228	Liver	Mouse	1	MaSigPro 
ENSMUSG00000033233	Liver	Mouse	1	MaSigPro 
ENSMUSG00000033308	Liver	Mouse	1	MaSigPro 
ENSMUSG00000033454	Liver	Mouse	1	MaSigPro 
ENSMUSG00000033596	Liver	Mouse	1	MaSigPro 
ENSMUSG00000033703	Liver	Mouse	1	MaSigPro 
ENSMUSG00000033720	Liver	Mouse	1	MaSigPro 
ENSMUSG00000033735	Liver	Mouse	1	MaSigPro 
ENSMUSG00000033819	Liver	Mouse	1	MaSigPro 
ENSMUSG00000034083	Liver	Mouse	1	MaSigPro 
ENSMUSG00000034245	Liver	Mouse	1	MaSigPro 
ENSMUSG00000034303	Liver	Mouse	1	MaSigPro 
ENSMUSG00000034403	Liver	Mouse	1	MaSigPro 
ENSMUSG00000034412	Liver	Mouse	1	MaSigPro 
ENSMUSG00000034429	Liver	Mouse	1	MaSigPro 
ENSMUSG00000034459	Liver	Mouse	1	MaSigPro 
ENSMUSG00000034528	Liver	Mouse	1	MaSigPro 
ENSMUSG00000034616	Liver	Mouse	1	MaSigPro 
ENSMUSG00000034774	Liver	Mouse	1	MaSigPro 
ENSMUSG00000034917	Liver	Mouse	1	MaSigPro 
ENSMUSG00000035104	Liver	Mouse	1	MaSigPro 
ENSMUSG00000035378	Liver	Mouse	1	MaSigPro 
ENSMUSG00000035478	Liver	Mouse	1	MaSigPro 
ENSMUSG00000035692	Liver	Mouse	1	MaSigPro 
ENSMUSG00000035836	Liver	Mouse	1	MaSigPro 
ENSMUSG00000035936	Liver	Mouse	1	MaSigPro 
ENSMUSG00000035948	Liver	Mouse	1	MaSigPro 
ENSMUSG00000035967	Liver	Mouse	1	MaSigPro 
ENSMUSG00000035969	Liver	Mouse	1	MaSigPro 
ENSMUSG00000036046	Liver	Mouse	1	MaSigPro 
ENSMUSG00000036257	Liver	Mouse	1	MaSigPro 
ENSMUSG00000036285	Liver	Mouse	1	MaSigPro 
ENSMUSG00000036327	Liver	Mouse	1	MaSigPro 
ENSMUSG00000036820	Liver	Mouse	1	MaSigPro 
ENSMUSG00000036825	Liver	Mouse	1	MaSigPro 
ENSMUSG00000036894	Liver	Mouse	1	MaSigPro 
ENSMUSG00000036941	Liver	Mouse	1	MaSigPro 
ENSMUSG00000036990	Liver	Mouse	1	MaSigPro 
ENSMUSG00000037126	Liver	Mouse	1	MaSigPro 
ENSMUSG00000037169	Liver	Mouse	1	MaSigPro 
ENSMUSG00000037197	Liver	Mouse	1	MaSigPro 
ENSMUSG00000037235	Liver	Mouse	1	MaSigPro 
ENSMUSG00000037315	Liver	Mouse	1	MaSigPro 
ENSMUSG00000037344	Liver	Mouse	1	MaSigPro 
ENSMUSG00000037351	Liver	Mouse	1	MaSigPro 
ENSMUSG00000037406	Liver	Mouse	1	MaSigPro 
ENSMUSG00000037503	Liver	Mouse	1	MaSigPro 
ENSMUSG00000037533	Liver	Mouse	1	MaSigPro 
ENSMUSG00000037553	Liver	Mouse	1	MaSigPro 
ENSMUSG00000037692	Liver	Mouse	1	MaSigPro 
ENSMUSG00000037814	Liver	Mouse	1	MaSigPro 
ENSMUSG00000037847	Liver	Mouse	1	MaSigPro 
ENSMUSG00000038005	Liver	Mouse	1	MaSigPro 
ENSMUSG00000038119	Liver	Mouse	1	MaSigPro 
ENSMUSG00000038126	Liver	Mouse	1	MaSigPro 
ENSMUSG00000038145	Liver	Mouse	1	MaSigPro 
ENSMUSG00000038180	Liver	Mouse	1	MaSigPro 
ENSMUSG00000038206	Liver	Mouse	1	MaSigPro 
ENSMUSG00000038233	Liver	Mouse	1	MaSigPro 
ENSMUSG00000038324	Liver	Mouse	1	MaSigPro 
ENSMUSG00000038416	Liver	Mouse	1	MaSigPro 
ENSMUSG00000038545	Liver	Mouse	1	MaSigPro 
ENSMUSG00000038650	Liver	Mouse	1	MaSigPro 
ENSMUSG00000038725	Liver	Mouse	1	MaSigPro 
ENSMUSG00000038766	Liver	Mouse	1	MaSigPro 
ENSMUSG00000038768	Liver	Mouse	1	MaSigPro 
ENSMUSG00000038776	Liver	Mouse	1	MaSigPro 
ENSMUSG00000038784	Liver	Mouse	1	MaSigPro 
ENSMUSG00000038884	Liver	Mouse	1	MaSigPro 
ENSMUSG00000038900	Liver	Mouse	1	MaSigPro 
ENSMUSG00000039050	Liver	Mouse	1	MaSigPro 
ENSMUSG00000039157	Liver	Mouse	1	MaSigPro 
ENSMUSG00000039163	Liver	Mouse	1	MaSigPro 
ENSMUSG00000039361	Liver	Mouse	1	MaSigPro 
ENSMUSG00000039457	Liver	Mouse	1	MaSigPro 
ENSMUSG00000039530	Liver	Mouse	1	MaSigPro 
ENSMUSG00000039682	Liver	Mouse	1	MaSigPro 
ENSMUSG00000039741	Liver	Mouse	1	MaSigPro 
ENSMUSG00000039756	Liver	Mouse	1	MaSigPro 
ENSMUSG00000039783	Liver	Mouse	1	MaSigPro 
ENSMUSG00000039804	Liver	Mouse	1	MaSigPro 
ENSMUSG00000039886	Liver	Mouse	1	MaSigPro 
ENSMUSG00000039983	Liver	Mouse	1	MaSigPro 
ENSMUSG00000039989	Liver	Mouse	1	MaSigPro 
ENSMUSG00000040017	Liver	Mouse	1	MaSigPro 
ENSMUSG00000040181	Liver	Mouse	1	MaSigPro 
ENSMUSG00000040253	Liver	Mouse	1	MaSigPro 
ENSMUSG00000040331	Liver	Mouse	1	MaSigPro 
ENSMUSG00000040390	Liver	Mouse	1	MaSigPro 
ENSMUSG00000040405	Liver	Mouse	1	MaSigPro 
ENSMUSG00000040433	Liver	Mouse	1	MaSigPro 
ENSMUSG00000040471	Liver	Mouse	1	MaSigPro 
ENSMUSG00000040536	Liver	Mouse	1	MaSigPro 
ENSMUSG00000040548	Liver	Mouse	1	MaSigPro 
ENSMUSG00000040563	Liver	Mouse	1	MaSigPro 
ENSMUSG00000040565	Liver	Mouse	1	MaSigPro 
ENSMUSG00000040586	Liver	Mouse	1	MaSigPro 
ENSMUSG00000040613	Liver	Mouse	1	MaSigPro 
ENSMUSG00000040734	Liver	Mouse	1	MaSigPro 
ENSMUSG00000040767	Liver	Mouse	1	MaSigPro 
ENSMUSG00000040964	Liver	Mouse	1	MaSigPro 
ENSMUSG00000041236	Liver	Mouse	1	MaSigPro 
ENSMUSG00000041238	Liver	Mouse	1	MaSigPro 
ENSMUSG00000041426	Liver	Mouse	1	MaSigPro 
ENSMUSG00000041471	Liver	Mouse	1	MaSigPro 
ENSMUSG00000041548	Liver	Mouse	1	MaSigPro 
ENSMUSG00000041570	Liver	Mouse	1	MaSigPro 
ENSMUSG00000041698	Liver	Mouse	1	MaSigPro 
ENSMUSG00000041765	Liver	Mouse	1	MaSigPro 
ENSMUSG00000041781	Liver	Mouse	1	MaSigPro 
ENSMUSG00000041845	Liver	Mouse	1	MaSigPro 
ENSMUSG00000041912	Liver	Mouse	1	MaSigPro 
ENSMUSG00000041926	Liver	Mouse	1	MaSigPro 
ENSMUSG00000041949	Liver	Mouse	1	MaSigPro 
ENSMUSG00000041997	Liver	Mouse	1	MaSigPro 
ENSMUSG00000042111	Liver	Mouse	1	MaSigPro 
ENSMUSG00000042133	Liver	Mouse	1	MaSigPro 
ENSMUSG00000042213	Liver	Mouse	1	MaSigPro 
ENSMUSG00000042354	Liver	Mouse	1	MaSigPro 
ENSMUSG00000042473	Liver	Mouse	1	MaSigPro 
ENSMUSG00000042642	Liver	Mouse	1	MaSigPro 
ENSMUSG00000042647	Liver	Mouse	1	MaSigPro 
ENSMUSG00000042787	Liver	Mouse	1	MaSigPro 
ENSMUSG00000043432	Liver	Mouse	1	MaSigPro 
ENSMUSG00000043831	Liver	Mouse	1	MaSigPro 
ENSMUSG00000043895	Liver	Mouse	1	MaSigPro 
ENSMUSG00000043924	Liver	Mouse	1	MaSigPro 
ENSMUSG00000044150	Liver	Mouse	1	MaSigPro 
ENSMUSG00000044155	Liver	Mouse	1	MaSigPro 
ENSMUSG00000044433	Liver	Mouse	1	MaSigPro 
ENSMUSG00000044477	Liver	Mouse	1	MaSigPro 
ENSMUSG00000044791	Liver	Mouse	1	MaSigPro 
ENSMUSG00000045316	Liver	Mouse	1	MaSigPro 
ENSMUSG00000045411	Liver	Mouse	1	MaSigPro 
ENSMUSG00000045427	Liver	Mouse	1	MaSigPro 
ENSMUSG00000045503	Liver	Mouse	1	MaSigPro 
ENSMUSG00000045551	Liver	Mouse	1	MaSigPro 
ENSMUSG00000045795	Liver	Mouse	1	MaSigPro 
ENSMUSG00000045867	Liver	Mouse	1	MaSigPro 
ENSMUSG00000045991	Liver	Mouse	1	MaSigPro 
ENSMUSG00000046111	Liver	Mouse	1	MaSigPro 
ENSMUSG00000046179	Liver	Mouse	1	MaSigPro 
ENSMUSG00000046580	Liver	Mouse	1	MaSigPro 
ENSMUSG00000046603	Liver	Mouse	1	MaSigPro 
ENSMUSG00000046671	Liver	Mouse	1	MaSigPro 
ENSMUSG00000046761	Liver	Mouse	1	MaSigPro 
ENSMUSG00000046791	Liver	Mouse	1	MaSigPro 
ENSMUSG00000047193	Liver	Mouse	1	MaSigPro 
ENSMUSG00000047242	Liver	Mouse	1	MaSigPro 
ENSMUSG00000047446	Liver	Mouse	1	MaSigPro 
ENSMUSG00000047656	Liver	Mouse	1	MaSigPro 
ENSMUSG00000047686	Liver	Mouse	1	MaSigPro 
ENSMUSG00000047735	Liver	Mouse	1	MaSigPro 
ENSMUSG00000047824	Liver	Mouse	1	MaSigPro 
ENSMUSG00000047843	Liver	Mouse	1	MaSigPro 
ENSMUSG00000047866	Liver	Mouse	1	MaSigPro 
ENSMUSG00000047945	Liver	Mouse	1	MaSigPro 
ENSMUSG00000047963	Liver	Mouse	1	MaSigPro 
ENSMUSG00000047989	Liver	Mouse	1	MaSigPro 
ENSMUSG00000048458	Liver	Mouse	1	MaSigPro 
ENSMUSG00000048490	Liver	Mouse	1	MaSigPro 
ENSMUSG00000048647	Liver	Mouse	1	MaSigPro 
ENSMUSG00000048706	Liver	Mouse	1	MaSigPro 
ENSMUSG00000048772	Liver	Mouse	1	MaSigPro 
ENSMUSG00000048970	Liver	Mouse	1	MaSigPro 
ENSMUSG00000049044	Liver	Mouse	1	MaSigPro 
ENSMUSG00000049354	Liver	Mouse	1	MaSigPro 
ENSMUSG00000049404	Liver	Mouse	1	MaSigPro 
ENSMUSG00000049624	Liver	Mouse	1	MaSigPro 
ENSMUSG00000049658	Liver	Mouse	1	MaSigPro 
ENSMUSG00000049916	Liver	Mouse	1	MaSigPro 
ENSMUSG00000050271	Liver	Mouse	1	MaSigPro 
ENSMUSG00000050605	Liver	Mouse	1	MaSigPro 
ENSMUSG00000050697	Liver	Mouse	1	MaSigPro 
ENSMUSG00000050730	Liver	Mouse	1	MaSigPro 
ENSMUSG00000050796	Liver	Mouse	1	MaSigPro 
ENSMUSG00000051041	Liver	Mouse	1	MaSigPro 
ENSMUSG00000051154	Liver	Mouse	1	MaSigPro 
ENSMUSG00000051225	Liver	Mouse	1	MaSigPro 
ENSMUSG00000051278	Liver	Mouse	1	MaSigPro 
ENSMUSG00000051375	Liver	Mouse	1	MaSigPro 
ENSMUSG00000051396	Liver	Mouse	1	MaSigPro 
ENSMUSG00000051671	Liver	Mouse	1	MaSigPro 
ENSMUSG00000051675	Liver	Mouse	1	MaSigPro 
ENSMUSG00000052392	Liver	Mouse	1	MaSigPro 
ENSMUSG00000052395	Liver	Mouse	1	MaSigPro 
ENSMUSG00000052429	Liver	Mouse	1	MaSigPro 
ENSMUSG00000052446	Liver	Mouse	1	MaSigPro 
ENSMUSG00000052751	Liver	Mouse	1	MaSigPro 
ENSMUSG00000052974	Liver	Mouse	1	MaSigPro 
ENSMUSG00000053012	Liver	Mouse	1	MaSigPro 
ENSMUSG00000053080	Liver	Mouse	1	MaSigPro 
ENSMUSG00000053279	Liver	Mouse	1	MaSigPro 
ENSMUSG00000053289	Liver	Mouse	1	MaSigPro 
ENSMUSG00000053604	Liver	Mouse	1	MaSigPro 
ENSMUSG00000053644	Liver	Mouse	1	MaSigPro 
ENSMUSG00000053835	Liver	Mouse	1	MaSigPro 
ENSMUSG00000053907	Liver	Mouse	1	MaSigPro 
ENSMUSG00000053929	Liver	Mouse	1	MaSigPro 
ENSMUSG00000053964	Liver	Mouse	1	MaSigPro 
ENSMUSG00000054079	Liver	Mouse	1	MaSigPro 
ENSMUSG00000054280	Liver	Mouse	1	MaSigPro 
ENSMUSG00000054321	Liver	Mouse	1	MaSigPro 
ENSMUSG00000054405	Liver	Mouse	1	MaSigPro 
ENSMUSG00000054428	Liver	Mouse	1	MaSigPro 
ENSMUSG00000054619	Liver	Mouse	1	MaSigPro 
ENSMUSG00000054836	Liver	Mouse	1	MaSigPro 
ENSMUSG00000054920	Liver	Mouse	1	MaSigPro 
ENSMUSG00000055137	Liver	Mouse	1	MaSigPro 
ENSMUSG00000055385	Liver	Mouse	1	MaSigPro 
ENSMUSG00000055493	Liver	Mouse	1	MaSigPro 
ENSMUSG00000055609	Liver	Mouse	1	MaSigPro 
ENSMUSG00000055817	Liver	Mouse	1	MaSigPro 
ENSMUSG00000055943	Liver	Mouse	1	MaSigPro 
ENSMUSG00000056050	Liver	Mouse	1	MaSigPro 
ENSMUSG00000056144	Liver	Mouse	1	MaSigPro 
ENSMUSG00000056204	Liver	Mouse	1	MaSigPro 
ENSMUSG00000056211	Liver	Mouse	1	MaSigPro 
ENSMUSG00000056383	Liver	Mouse	1	MaSigPro 
ENSMUSG00000056429	Liver	Mouse	1	MaSigPro 
ENSMUSG00000056501	Liver	Mouse	1	MaSigPro 
ENSMUSG00000056708	Liver	Mouse	1	MaSigPro 
ENSMUSG00000057037	Liver	Mouse	1	MaSigPro 
ENSMUSG00000057074	Liver	Mouse	1	MaSigPro 
ENSMUSG00000057130	Liver	Mouse	1	MaSigPro 
ENSMUSG00000057228	Liver	Mouse	1	MaSigPro 
ENSMUSG00000057236	Liver	Mouse	1	MaSigPro 
ENSMUSG00000057375	Liver	Mouse	1	MaSigPro 
ENSMUSG00000058076	Liver	Mouse	1	MaSigPro 
ENSMUSG00000058135	Liver	Mouse	1	MaSigPro 
ENSMUSG00000058152	Liver	Mouse	1	MaSigPro 
ENSMUSG00000058388	Liver	Mouse	1	MaSigPro 
ENSMUSG00000058446	Liver	Mouse	1	MaSigPro 
ENSMUSG00000058613	Liver	Mouse	1	MaSigPro 
ENSMUSG00000059040	Liver	Mouse	1	MaSigPro 
ENSMUSG00000059119	Liver	Mouse	1	MaSigPro 
ENSMUSG00000059316	Liver	Mouse	1	MaSigPro 
ENSMUSG00000059897	Liver	Mouse	1	MaSigPro 
ENSMUSG00000059995	Liver	Mouse	1	MaSigPro 
ENSMUSG00000060012	Liver	Mouse	1	MaSigPro 
ENSMUSG00000060317	Liver	Mouse	1	MaSigPro 
ENSMUSG00000061118	Liver	Mouse	1	MaSigPro 
ENSMUSG00000061755	Liver	Mouse	1	MaSigPro 
ENSMUSG00000061825	Liver	Mouse	1	MaSigPro 
ENSMUSG00000061959	Liver	Mouse	1	MaSigPro 
ENSMUSG00000062480	Liver	Mouse	1	MaSigPro 
ENSMUSG00000062488	Liver	Mouse	1	MaSigPro 
ENSMUSG00000062515	Liver	Mouse	1	MaSigPro 
ENSMUSG00000062997	Liver	Mouse	1	MaSigPro 
ENSMUSG00000063160	Liver	Mouse	1	MaSigPro 
ENSMUSG00000063334	Liver	Mouse	1	MaSigPro 
ENSMUSG00000063550	Liver	Mouse	1	MaSigPro 
ENSMUSG00000063605	Liver	Mouse	1	MaSigPro 
ENSMUSG00000063684	Liver	Mouse	1	MaSigPro 
ENSMUSG00000063730	Liver	Mouse	1	MaSigPro 
ENSMUSG00000063882	Liver	Mouse	1	MaSigPro 
ENSMUSG00000063904	Liver	Mouse	1	MaSigPro 
ENSMUSG00000064120	Liver	Mouse	1	MaSigPro 
ENSMUSG00000064262	Liver	Mouse	1	MaSigPro 
ENSMUSG00000064294	Liver	Mouse	1	MaSigPro 
ENSMUSG00000066319	Liver	Mouse	1	MaSigPro 
ENSMUSG00000066357	Liver	Mouse	1	MaSigPro 
ENSMUSG00000066513	Liver	Mouse	1	MaSigPro 
ENSMUSG00000067071	Liver	Mouse	1	MaSigPro 
ENSMUSG00000067873	Liver	Mouse	1	MaSigPro 
ENSMUSG00000068329	Liver	Mouse	1	MaSigPro 
ENSMUSG00000068479	Liver	Mouse	1	MaSigPro 
ENSMUSG00000068762	Liver	Mouse	1	MaSigPro 
ENSMUSG00000068882	Liver	Mouse	1	MaSigPro 
ENSMUSG00000069206	Liver	Mouse	1	MaSigPro 
ENSMUSG00000069456	Liver	Mouse	1	MaSigPro 
ENSMUSG00000069633	Liver	Mouse	1	MaSigPro 
ENSMUSG00000070044	Liver	Mouse	1	MaSigPro 
ENSMUSG00000070304	Liver	Mouse	1	MaSigPro 
ENSMUSG00000070644	Liver	Mouse	1	MaSigPro 
ENSMUSG00000070997	Liver	Mouse	1	MaSigPro 
ENSMUSG00000071456	Liver	Mouse	1	MaSigPro 
ENSMUSG00000071470	Liver	Mouse	1	MaSigPro 
ENSMUSG00000071644	Liver	Mouse	1	MaSigPro 
ENSMUSG00000071652	Liver	Mouse	1	MaSigPro 
ENSMUSG00000071661	Liver	Mouse	1	MaSigPro 
ENSMUSG00000071757	Liver	Mouse	1	MaSigPro 
ENSMUSG00000072082	Liver	Mouse	1	MaSigPro 
ENSMUSG00000072572	Liver	Mouse	1	MaSigPro 
ENSMUSG00000072825	Liver	Mouse	1	MaSigPro 
ENSMUSG00000072999	Liver	Mouse	1	MaSigPro 
ENSMUSG00000073791	Liver	Mouse	1	MaSigPro 
ENSMUSG00000073889	Liver	Mouse	1	MaSigPro 
ENSMUSG00000073910	Liver	Mouse	1	MaSigPro 
ENSMUSG00000074115	Liver	Mouse	1	MaSigPro 
ENSMUSG00000074170	Liver	Mouse	1	MaSigPro 
ENSMUSG00000074793	Liver	Mouse	1	MaSigPro 
ENSMUSG00000074829	Liver	Mouse	1	MaSigPro 
ENSMUSG00000074867	Liver	Mouse	1	MaSigPro 
ENSMUSG00000076435	Liver	Mouse	1	MaSigPro 
ENSMUSG00000076437	Liver	Mouse	1	MaSigPro 
ENSMUSG00000078201	Liver	Mouse	1	MaSigPro 
ENSMUSG00000078502	Liver	Mouse	1	MaSigPro 
ENSMUSG00000078503	Liver	Mouse	1	MaSigPro 
ENSMUSG00000078612	Liver	Mouse	1	MaSigPro 
ENSMUSG00000078652	Liver	Mouse	1	MaSigPro 
ENSMUSG00000078768	Liver	Mouse	1	MaSigPro 
ENSMUSG00000079426	Liver	Mouse	1	MaSigPro 
ENSMUSG00000079507	Liver	Mouse	1	MaSigPro 
ENSMUSG00000079562	Liver	Mouse	1	MaSigPro 
ENSMUSG00000079662	Liver	Mouse	1	MaSigPro 
ENSMUSG00000085148	Liver	Mouse	1	MaSigPro 
ENSMUSG00000085241	Liver	Mouse	1	MaSigPro 
ENSMUSG00000086448	Liver	Mouse	1	MaSigPro 
ENSMUSG00000086670	Liver	Mouse	1	MaSigPro 
ENSMUSG00000089682	Liver	Mouse	1	MaSigPro 
ENSMUSG00000090145	Liver	Mouse	1	MaSigPro 
ENSMUSG00000090175	Liver	Mouse	1	MaSigPro 
ENSMUSG00000090555	Liver	Mouse	1	MaSigPro 
ENSMUSG00000091183	Liver	Mouse	1	MaSigPro 
ENSMUSG00000091586	Liver	Mouse	1	MaSigPro 
ENSMUSG00000091705	Liver	Mouse	1	MaSigPro 
ENSMUSG00000092274	Liver	Mouse	1	MaSigPro 
ENSMUSG00000093458	Liver	Mouse	1	MaSigPro 
ENSMUSG00000094870	Liver	Mouse	1	MaSigPro 
ENSMUSG00000094942	Liver	Mouse	1	MaSigPro 
ENSMUSG00000095385	Liver	Mouse	1	MaSigPro 
ENSMUSG00000095687	Liver	Mouse	1	MaSigPro 
ENSMUSG00000097769	Liver	Mouse	1	MaSigPro 
ENSMUSG00000003484	Liver	Mouse	1	In-house 
ENSMUSG00000003555	Liver	Mouse	1	In-house 
ENSMUSG00000004221	Liver	Mouse	1	In-house 
ENSMUSG00000006587	Liver	Mouse	1	In-house 
ENSMUSG00000007207	Liver	Mouse	1	In-house 
ENSMUSG00000014602	Liver	Mouse	1	In-house 
ENSMUSG00000019726	Liver	Mouse	1	In-house 
ENSMUSG00000020634	Liver	Mouse	1	In-house 
ENSMUSG00000021066	Liver	Mouse	1	In-house 
ENSMUSG00000021470	Liver	Mouse	1	In-house 
ENSMUSG00000021785	Liver	Mouse	1	In-house 
ENSMUSG00000022055	Liver	Mouse	1	In-house 
ENSMUSG00000022178	Liver	Mouse	1	In-house 
ENSMUSG00000023845	Liver	Mouse	1	In-house 
ENSMUSG00000024500	Liver	Mouse	1	In-house 
ENSMUSG00000028011	Liver	Mouse	1	In-house 
ENSMUSG00000028359	Liver	Mouse	1	In-house 
ENSMUSG00000029120	Liver	Mouse	1	In-house 
ENSMUSG00000029221	Liver	Mouse	1	In-house 
ENSMUSG00000029417	Liver	Mouse	1	In-house 
ENSMUSG00000031144	Liver	Mouse	1	In-house 
ENSMUSG00000035413	Liver	Mouse	1	In-house 
ENSMUSG00000037287	Liver	Mouse	1	In-house 
ENSMUSG00000038015	Liver	Mouse	1	In-house 
ENSMUSG00000038056	Liver	Mouse	1	In-house 
ENSMUSG00000038121	Liver	Mouse	1	In-house 
ENSMUSG00000039431	Liver	Mouse	1	In-house 
ENSMUSG00000039759	Liver	Mouse	1	In-house 
ENSMUSG00000040272	Liver	Mouse	1	In-house 
ENSMUSG00000040434	Liver	Mouse	1	In-house 
ENSMUSG00000040703	Liver	Mouse	1	In-house 
ENSMUSG00000040714	Liver	Mouse	1	In-house 
ENSMUSG00000040907	Liver	Mouse	1	In-house 
ENSMUSG00000041477	Liver	Mouse	1	In-house 
ENSMUSG00000044134	Liver	Mouse	1	In-house 
ENSMUSG00000044288	Liver	Mouse	1	In-house 
ENSMUSG00000047036	Liver	Mouse	1	In-house 
ENSMUSG00000047965	Liver	Mouse	1	In-house 
ENSMUSG00000048077	Liver	Mouse	1	In-house 
ENSMUSG00000048807	Liver	Mouse	1	In-house 
ENSMUSG00000049556	Liver	Mouse	1	In-house 
ENSMUSG00000050628	Liver	Mouse	1	In-house 
ENSMUSG00000053862	Liver	Mouse	1	In-house 
ENSMUSG00000055692	Liver	Mouse	1	In-house 
ENSMUSG00000055707	Liver	Mouse	1	In-house 
ENSMUSG00000055737	Liver	Mouse	1	In-house 
ENSMUSG00000057897	Liver	Mouse	1	In-house 
ENSMUSG00000060727	Liver	Mouse	1	In-house 
ENSMUSG00000062209	Liver	Mouse	1	In-house 
ENSMUSG00000062591	Liver	Mouse	1	In-house 
ENSMUSG00000067389	Liver	Mouse	1	In-house 
ENSMUSG00000067768	Liver	Mouse	1	In-house 
ENSMUSG00000068284	Liver	Mouse	1	In-house 
ENSMUSG00000068396	Liver	Mouse	1	In-house 
ENSMUSG00000070522	Liver	Mouse	1	In-house 
ENSMUSG00000070572	Liver	Mouse	1	In-house 
ENSMUSG00000072244	Liver	Mouse	1	In-house 
ENSMUSG00000072295	Liver	Mouse	1	In-house 
ENSMUSG00000074505	Liver	Mouse	1	In-house 
ENSMUSG00000074519	Liver	Mouse	1	In-house 
ENSMUSG00000075296	Liver	Mouse	1	In-house 
ENSMUSG00000080186	Liver	Mouse	1	In-house 
ENSMUSG00000082348	Liver	Mouse	1	In-house 
ENSMUSG00000083007	Liver	Mouse	1	In-house 
ENSMUSG00000083811	Liver	Mouse	1	In-house 
ENSMUSG00000084258	Liver	Mouse	1	In-house 
ENSMUSG00000085583	Liver	Mouse	1	In-house 
ENSMUSG00000086526	Liver	Mouse	1	In-house 
ENSMUSG00000089883	Liver	Mouse	1	In-house 
ENSMUSG00000090357	Liver	Mouse	1	In-house 
ENSMUSG00000091387	Liver	Mouse	1	In-house 
ENSMUSG00000093880	Liver	Mouse	1	In-house 
ENSMUSG00000098584	Liver	Mouse	1	In-house 
