id,files,group,sex,tissue,timePoint
Brain.e10.5.1,2580sTS.Mouse.Brain.10.5.Female.htseq.u.txt,e10.5,Female,Brain,-9
Brain.e10.5.2,3459sTS.Mouse.Brain.10.5.Female.htseq.u.txt,e10.5,Female,Brain,-9
Brain.e10.5.3,2579sTS.Mouse.Brain.10.5.Male.htseq.u.txt,e10.5,Male,Brain,-9
Brain.e11.5.1,2937sTS.Mouse.Brain.11.5.Female.htseq.u.txt,e11.5,Female,Brain,-8
Brain.e11.5.2,2621sTS.Mouse.Brain.11.5.Male.htseq.u.txt,e11.5,Male,Brain,-8
Brain.e11.5.3,2624sTS.Mouse.Brain.11.5.Male.htseq.u.txt,e11.5,Male,Brain,-8
Brain.e11.5.4,3096sTS.Mouse.Brain.11.5.Male.htseq.u.txt,e11.5,Male,Brain,-8
Brain.e12.5.1,3043sTS.Mouse.Brain.12.5.Female.htseq.u.txt,e12.5,Female,Brain,-7
Brain.e12.5.2,3038sTS.Mouse.Brain.12.5.Female.htseq.u.txt,e12.5,Female,Brain,-7
Brain.e12.5.3,2945sTS.Mouse.Brain.12.5.Male.htseq.u.txt,e12.5,Male,Brain,-7
Brain.e12.5.4,3040sTS.Mouse.Brain.12.5.Male.htseq.u.txt,e12.5,Male,Brain,-7
Brain.e13.5.1,2813sTS.Mouse.Brain.13.5.Female.htseq.u.txt,e13.5,Female,Brain,-6
Brain.e13.5.2,2829sTS.Mouse.Brain.13.5.Female.htseq.u.txt,e13.5,Female,Brain,-6
Brain.e13.5.3,2821sTS.Mouse.Brain.13.5.Male.htseq.u.txt,e13.5,Male,Brain,-6
Brain.e13.5.4,2837sTS.Mouse.Brain.13.5.Male.htseq.u.txt,e13.5,Male,Brain,-6
Brain.e14.5.1,2227sTSc.Mouse.Brain.14.5.Female.htseq.u.txt,e14.5,Female,Brain,-5
Brain.e14.5.2,2243sTS.Mouse.Brain.14.5.Female.htseq.u.txt,e14.5,Female,Brain,-5
Brain.e14.5.3,2223sTSc.Mouse.Brain.14.5.Male.htseq.u.txt,e14.5,Male,Brain,-5
Brain.e14.5.4,2237sTSm.Mouse.Brain.14.5.Male.htseq.u.txt,e14.5,Male,Brain,-5
Brain.e15.5.1,2189sTS.Mouse.Brain.15.5.Female.htseq.u.txt,e15.5,Female,Brain,-4
Brain.e15.5.2,2247sTS.Mouse.Brain.15.5.Female.htseq.u.txt,e15.5,Female,Brain,-4
Brain.e15.5.3,2185sTS.Mouse.Brain.15.5.Male.htseq.u.txt,e15.5,Male,Brain,-4
Brain.e15.5.4,2193sTS.Mouse.Brain.15.5.Male.htseq.u.txt,e15.5,Male,Brain,-4
Brain.e16.5.1,2254sTS.Mouse.Brain.16.5.Female.htseq.u.txt,e16.5,Female,Brain,-3
Brain.e16.5.2,2273sTS.Mouse.Brain.16.5.Female.htseq.u.txt,e16.5,Female,Brain,-3
Brain.e16.5.3,2257sTS.Mouse.Brain.16.5.Male.htseq.u.txt,e16.5,Male,Brain,-3
Brain.e16.5.4,2276sTS.Mouse.Brain.16.5.Male.htseq.u.txt,e16.5,Male,Brain,-3
Brain.e17.5.1,2163sTS.Mouse.Brain.17.5.Female.htseq.u.txt,e17.5,Female,Brain,-2
Brain.e17.5.2,2165sTSm.Mouse.Brain.17.5.Female.htseq.u.txt,e17.5,Female,Brain,-2
Brain.e17.5.3,2157sTS.Mouse.Brain.17.5.Male.htseq.u.txt,e17.5,Male,Brain,-2
Brain.e17.5.4,2160sTS.Mouse.Brain.17.5.Male.htseq.u.txt,e17.5,Male,Brain,-2
Brain.e18.5.1,2313sTS.Mouse.Brain.18.5.Female.htseq.u.txt,e18.5,Female,Brain,-1
Brain.e18.5.2,2323sTS.Mouse.Brain.18.5.Female.htseq.u.txt,e18.5,Female,Brain,-1
Brain.e18.5.3,2307sTS.Mouse.Brain.18.5.Male.htseq.u.txt,e18.5,Male,Brain,-1
Brain.e18.5.4,2317sTS.Mouse.Brain.18.5.Male.htseq.u.txt,e18.5,Male,Brain,-1
Brain.P0.1,1740sTSm.Mouse.Brain.0dpb.Female.htseq.u.txt,P0,Female,Brain,0
Brain.P0.2,1900sTS.Mouse.Brain.0dpb.Female.htseq.u.txt,P0,Female,Brain,0
Brain.P0.3,1906sTS.Mouse.Brain.0dpb.Male.htseq.u.txt,P0,Male,Brain,0
Brain.P0.4,1912sTS.Mouse.Brain.0dpb.Male.htseq.u.txt,P0,Male,Brain,0
Brain.P3.1,1918sTS.Mouse.Brain.3dpb.Female.htseq.u.txt,P3,Female,Brain,1
Brain.P3.2,1930sTS.Mouse.Brain.3dpb.Female.htseq.u.txt,P3,Female,Brain,1
Brain.P3.3,1924sTS.Mouse.Brain.3dpb.Male.htseq.u.txt,P3,Male,Brain,1
Brain.P3.4,1964sTS.Mouse.Brain.3dpb.Male.htseq.u.txt,P3,Male,Brain,1
Brain.P14.1,1884sTS.Mouse.Brain.2w.Female.htseq.u.txt,P14,Female,Brain,2
Brain.P14.2,1888sTS.Mouse.Brain.2w.Female.htseq.u.txt,P14,Female,Brain,2
Brain.P14.3,1876sTS.Mouse.Brain.2w.Male.htseq.u.txt,P14,Male,Brain,2
Brain.P14.4,1880sTS.Mouse.Brain.2w.Male.htseq.u.txt,P14,Male,Brain,2
Brain.P28.1,1936sTS.Mouse.Brain.4w.Female.htseq.u.txt,P28,Female,Brain,3
Brain.P28.2,1940sTS.Mouse.Brain.4w.Female.htseq.u.txt,P28,Female,Brain,3
Brain.P28.3,1892sTS.Mouse.Brain.4w.Male.htseq.u.txt,P28,Male,Brain,3
Brain.P28.4,1896sTS.Mouse.Brain.4w.Male.htseq.u.txt,P28,Male,Brain,3
Brain.P63.1,1948sTS.Mouse.Brain.9w.Female.htseq.u.txt,P63,Female,Brain,4
Brain.P63.2,1960sTS.Mouse.Brain.9w.Female.htseq.u.txt,P63,Female,Brain,4
Brain.P63.3,1944sTS.Mouse.Brain.9w.Male.htseq.u.txt,P63,Male,Brain,4
Brain.P63.4,1954sTS.Mouse.Brain.9w.Male.htseq.u.txt,P63,Male,Brain,4
Cerebellum.e13.5.1,2814sTS.Mouse.Cerebellum.13.5.Female.htseq.u.txt,e13.5,Female,Cerebellum,-6
Cerebellum.e13.5.2,2830sTS.Mouse.Cerebellum.13.5.Female.htseq.u.txt,e13.5,Female,Cerebellum,-6
Cerebellum.e13.5.3,2822sTS.Mouse.Cerebellum.13.5.Male.htseq.u.txt,e13.5,Male,Cerebellum,-6
Cerebellum.e13.5.4,2838sTS.Mouse.Cerebellum.13.5.Male.htseq.u.txt,e13.5,Male,Cerebellum,-6
Cerebellum.e14.5.1,2228sTSc.Mouse.Cerebellum.14.5.Female.htseq.u.txt,e14.5,Female,Cerebellum,-5
Cerebellum.e14.5.2,2244sTS.Mouse.Cerebellum.14.5.Female.htseq.u.txt,e14.5,Female,Cerebellum,-5
Cerebellum.e14.5.3,2224sTSc.Mouse.Cerebellum.14.5.Male.htseq.u.txt,e14.5,Male,Cerebellum,-5
Cerebellum.e14.5.4,2238sTS.Mouse.Cerebellum.14.5.Male.htseq.u.txt,e14.5,Male,Cerebellum,-5
Cerebellum.e15.5.1,2190sTS.Mouse.Cerebellum.15.5.Female.htseq.u.txt,e15.5,Female,Cerebellum,-4
Cerebellum.e15.5.2,2218sTS.Mouse.Cerebellum.15.5.Female.htseq.u.txt,e15.5,Female,Cerebellum,-4
Cerebellum.e15.5.3,2186sTS.Mouse.Cerebellum.15.5.Male.htseq.u.txt,e15.5,Male,Cerebellum,-4
Cerebellum.e15.5.4,2194sTS.Mouse.Cerebellum.15.5.Male.htseq.u.txt,e15.5,Male,Cerebellum,-4
Cerebellum.e16.5.1,2255sTS.Mouse.Cerebellum.16.5.Female.htseq.u.txt,e16.5,Female,Cerebellum,-3
Cerebellum.e16.5.2,2274sTS.Mouse.Cerebellum.16.5.Female.htseq.u.txt,e16.5,Female,Cerebellum,-3
Cerebellum.e16.5.3,2258sTSm.Mouse.Cerebellum.16.5.Male.htseq.u.txt,e16.5,Male,Cerebellum,-3
Cerebellum.e16.5.4,2277sTS.Mouse.Cerebellum.16.5.Male.htseq.u.txt,e16.5,Male,Cerebellum,-3
Cerebellum.e17.5.1,2164sTS.Mouse.Cerebellum.17.5.Female.htseq.u.txt,e17.5,Female,Cerebellum,-2
Cerebellum.e17.5.2,2166sTS.Mouse.Cerebellum.17.5.Female.htseq.u.txt,e17.5,Female,Cerebellum,-2
Cerebellum.e17.5.3,2158sTS.Mouse.Cerebellum.17.5.Male.htseq.u.txt,e17.5,Male,Cerebellum,-2
Cerebellum.e17.5.4,2161sTS.Mouse.Cerebellum.17.5.Male.htseq.u.txt,e17.5,Male,Cerebellum,-2
Cerebellum.e18.5.1,2314sTS.Mouse.Cerebellum.18.5.Female.htseq.u.txt,e18.5,Female,Cerebellum,-1
Cerebellum.e18.5.2,2324sTS.Mouse.Cerebellum.18.5.Female.htseq.u.txt,e18.5,Female,Cerebellum,-1
Cerebellum.e18.5.3,2308sTS.Mouse.Cerebellum.18.5.Male.htseq.u.txt,e18.5,Male,Cerebellum,-1
Cerebellum.e18.5.4,2318sTS.Mouse.Cerebellum.18.5.Male.htseq.u.txt,e18.5,Male,Cerebellum,-1
Cerebellum.P0.1,1741sTS.Mouse.Cerebellum.0dpb.Female.htseq.u.txt,P0,Female,Cerebellum,0
Cerebellum.P0.2,1901sTSm.Mouse.Cerebellum.0dpb.Female.htseq.u.txt,P0,Female,Cerebellum,0
Cerebellum.P0.3,1907sTS.Mouse.Cerebellum.0dpb.Male.htseq.u.txt,P0,Male,Cerebellum,0
Cerebellum.P0.4,3919sTS.Mouse.Cerebellum.0dpb.Male.htseq.u.txt,P0,Male,Cerebellum,0
Cerebellum.P3.1,1919sTS.Mouse.Cerebellum.3dpb.Female.htseq.u.txt,P3,Female,Cerebellum,1
Cerebellum.P3.2,1931sTS.Mouse.Cerebellum.3dpb.Female.htseq.u.txt,P3,Female,Cerebellum,1
Cerebellum.P3.3,1925sTSm.Mouse.Cerebellum.3dpb.Male.htseq.u.txt,P3,Male,Cerebellum,1
Cerebellum.P3.4,1965sTS.Mouse.Cerebellum.3dpb.Male.htseq.u.txt,P3,Male,Cerebellum,1
Cerebellum.P14.1,1885sTS.Mouse.Cerebellum.2w.Female.htseq.u.txt,P14,Female,Cerebellum,2
Cerebellum.P14.2,1877sTS.Mouse.Cerebellum.2w.Male.htseq.u.txt,P14,Male,Cerebellum,2
Cerebellum.P14.3,1881sTS.Mouse.Cerebellum.2w.Male.htseq.u.txt,P14,Male,Cerebellum,2
Cerebellum.P28.1,1941sTS.Mouse.Cerebellum.4w.Female.htseq.u.txt,P28,Female,Cerebellum,3
Cerebellum.P28.2,1937sTS.Mouse.Cerebellum.4w.Female.htseq.u.txt,P28,Female,Cerebellum,3
Cerebellum.P28.3,1893sTS.Mouse.Cerebellum.4w.Male.htseq.u.txt,P28,Male,Cerebellum,3
Cerebellum.P28.4,1897sTS.Mouse.Cerebellum.4w.Male.htseq.u.txt,P28,Male,Cerebellum,3
Cerebellum.P63.1,1949sTS.Mouse.Cerebellum.9w.Female.htseq.u.txt,P63,Female,Cerebellum,4
Cerebellum.P63.2,1961sTS.Mouse.Cerebellum.9w.Female.htseq.u.txt,P63,Female,Cerebellum,4
Cerebellum.P63.3,1945sTS.Mouse.Cerebellum.9w.Male.htseq.u.txt,P63,Male,Cerebellum,4
Cerebellum.P63.4,1955sTSm.Mouse.Cerebellum.9wpb.Male.htseq.u.txt,P63,Male,Cerebellum,4
Heart.e10.5.1,3460sTS.Mouse.Heart.10.5.Female.htseq.u.txt,e10.5,Female,Heart,-9
Heart.e10.5.2,2581sTS.Mouse.Heart.10.5.Female.htseq.u.txt,e10.5,Female,Heart,-9
Heart.e10.5.3,2647sTS.Mouse.Heart.10.5.Female.htseq.u.txt,e10.5,Female,Heart,-9
Heart.e10.5.4,2495sTS.Mouse.Heart.10.5.Male.htseq.u.txt,e10.5,Male,Heart,-9
Heart.e11.5.1,3031sTS.Mouse.Heart.11.5.Female.htseq.u.txt,e11.5,Female,Heart,-8
Heart.e11.5.2,2938sTS.Mouse.Heart.11.5.Female.htseq.u.txt,e11.5,Female,Heart,-8
Heart.e11.5.3,2622sTS.Mouse.Heart.11.5.Male.htseq.u.txt,e11.5,Male,Heart,-8
Heart.e11.5.4,2944sTS.Mouse.Heart.11.5.Male.htseq.u.txt,e11.5,Male,Heart,-8
Heart.e12.5.1,5027sTS.Mouse.Heart.12.5.Female.htseq.u.txt,e12.5,Female,Heart,-7
Heart.e12.5.2,3502sTS.Mouse.Heart.12.5.Female.htseq.u.txt,e12.5,Female,Heart,-7
Heart.e12.5.3,3036sTS.Mouse.Heart.12.5.Male.htseq.u.txt,e12.5,Male,Heart,-7
Heart.e12.5.4,3041sTS.Mouse.Heart.12.5.Male.htseq.u.txt,e12.5,Male,Heart,-7
Heart.e13.5.1,2831sTS.Mouse.Heart.13.5.Female.htseq.u.txt,e13.5,Female,Heart,-6
Heart.e13.5.2,2815sTS.Mouse.Heart.13.5.Female.htseq.u.txt,e13.5,Female,Heart,-6
Heart.e13.5.3,2823sTS.Mouse.Heart.13.5.Male.htseq.u.txt,e13.5,Male,Heart,-6
Heart.e13.5.4,2839sTS.Mouse.Heart.13.5.Male.htseq.u.txt,e13.5,Male,Heart,-6
Heart.e14.5.1,2487sTS.Mouse.Heart.14.5.Female.htseq.u.txt,e14.5,Female,Heart,-5
Heart.e14.5.2,2459sTS.Mouse.Heart.14.5.Male.htseq.u.txt,e14.5,Male,Heart,-5
Heart.e14.5.3,2461sTS.Mouse.Heart.14.5.Male.htseq.u.txt,e14.5,Male,Heart,-5
Heart.e15.5.1,2510sTS.Mouse.Heart.15.5.Female.htseq.u.txt,e15.5,Female,Heart,-4
Heart.e15.5.2,2508sTS.Mouse.Heart.15.5.Female.htseq.u.txt,e15.5,Female,Heart,-4
Heart.e15.5.3,2504sTS.Mouse.Heart.15.5.Male.htseq.u.txt,e15.5,Male,Heart,-4
Heart.e15.5.4,2506sTS.Mouse.Heart.15.5.Male.htseq.u.txt,e15.5,Male,Heart,-4
Heart.e16.5.1,2587sTS.Mouse.Heart.16.5.Female.htseq.u.txt,e16.5,Female,Heart,-3
Heart.e16.5.2,2585sTS.Mouse.Heart.16.5.Female.htseq.u.txt,e16.5,Female,Heart,-3
Heart.e16.5.3,2512sTS.Mouse.Heart.16.5.Male.htseq.u.txt,e16.5,Male,Heart,-3
Heart.e16.5.4,2514sTS.Mouse.Heart.16.5.Male.htseq.u.txt,e16.5,Male,Heart,-3
Heart.e17.5.1,2595sTS.Mouse.Heart.17.5.Female.htseq.u.txt,e17.5,Female,Heart,-2
Heart.e17.5.2,2593sTS.Mouse.Heart.17.5.Female.htseq.u.txt,e17.5,Female,Heart,-2
Heart.e17.5.3,2589sTS.Mouse.Heart.17.5.Male.htseq.u.txt,e17.5,Male,Heart,-2
Heart.e17.5.4,2591sTS.Mouse.Heart.17.5.Male.htseq.u.txt,e17.5,Male,Heart,-2
Heart.e18.5.1,5028sTS.Mouse.Heart.18.5.Female.htseq.u.txt,e18.5,Female,Heart,-1
Heart.e18.5.2,2639sTS.Mouse.Heart.18.5.Female.htseq.u.txt,e18.5,Female,Heart,-1
Heart.e18.5.3,2633sTS.Mouse.Heart.18.5.Male.htseq.u.txt,e18.5,Male,Heart,-1
Heart.e18.5.4,2635sTS.Mouse.Heart.18.5.Male.htseq.u.txt,e18.5,Male,Heart,-1
Heart.P0.1,1742sTS.Mouse.Heart.0dpb.Female.htseq.u.txt,P0,Female,Heart,0
Heart.P0.2,1902sTS.Mouse.Heart.0dpb.Female.htseq.u.txt,P0,Female,Heart,0
Heart.P0.3,1908sTS.Mouse.Heart.0dpb.Male.htseq.u.txt,P0,Male,Heart,0
Heart.P0.4,1914sTS.Mouse.Heart.0dpb.Male.htseq.u.txt,P0,Male,Heart,0
Heart.P3.1,1920sTS.Mouse.Heart.3dpb.Female.htseq.u.txt,P3,Female,Heart,1
Heart.P3.2,1932sTS.Mouse.Heart.3dpb.Female.htseq.u.txt,P3,Female,Heart,1
Heart.P3.3,1926sTS.Mouse.Heart.3dpb.Male.htseq.u.txt,P3,Male,Heart,1
Heart.P3.4,2641sTS.Mouse.Heart.3dpb.Male.htseq.u.txt,P3,Male,Heart,1
Heart.P14.1,2653sTS.Mouse.Heart.2wpb.Female.htseq.u.txt,P14,Female,Heart,2
Heart.P14.2,2651sTS.Mouse.Heart.2wpb.Female.htseq.u.txt,P14,Female,Heart,2
Heart.P14.3,2643sTS.Mouse.Heart.2wpb.Male.htseq.u.txt,P14,Male,Heart,2
Heart.P14.4,2645sTS.Mouse.Heart.2wpb.Male.htseq.u.txt,P14,Male,Heart,2
Heart.P28.1,2657sTS.Mouse.Heart.4wpb.Female.htseq.u.txt,P28,Female,Heart,3
Heart.P28.2,2655sTS.Mouse.Heart.4wpb.Female.htseq.u.txt,P28,Female,Heart,3
Heart.P28.3,2659sTS.Mouse.Heart.4wpb.Male.htseq.u.txt,P28,Male,Heart,3
Heart.P28.4,2661sTS.Mouse.Heart.4wpb.Male.htseq.u.txt,P28,Male,Heart,3
Heart.P63.1,2669sTS.Mouse.Heart.9wpb.Female.htseq.u.txt,P63,Female,Heart,4
Heart.P63.2,1950sTS.Mouse.Heart.9w.Female.htseq.u.txt,P63,Female,Heart,4
Heart.P63.3,1956sTS.Mouse.Heart.9wpb.Male.htseq.u.txt,P63,Male,Heart,4
Heart.P63.4,2663sTS.Mouse.Heart.9wpb.Male.htseq.u.txt,P63,Male,Heart,4
Kidney.e11.5.1,3366sTS.Mouse.Kidney.11.5.Female.htseq.u.txt,e11.5,Female,Kidney,-8
Kidney.e11.5.2,3364sTS.Mouse.Kidney.11.5.Female.htseq.u.txt,e11.5,Female,Kidney,-8
Kidney.e11.5.3,3360sTS.Mouse.Kidney.11.5.Male.htseq.u.txt,e11.5,Male,Kidney,-8
Kidney.e11.5.4,3362sTS.Mouse.Kidney.11.5.Male.htseq.u.txt,e11.5,Male,Kidney,-8
Kidney.e12.5.1,3286sTS.Mouse.Kidney.12.5.Female.htseq.u.txt,e12.5,Female,Kidney,-7
Kidney.e12.5.2,3282sTS.Mouse.Kidney.12.5.Female.htseq.u.txt,e12.5,Female,Kidney,-7
Kidney.e12.5.3,3280sTS.Mouse.Kidney.12.5.Male.htseq.u.txt,e12.5,Male,Kidney,-7
Kidney.e12.5.4,3284sTS.Mouse.Kidney.12.5.Male.htseq.u.txt,e12.5,Male,Kidney,-7
Kidney.e13.5.1,2817sTS.Mouse.Kidney.13.5.Female.htseq.u.txt,e13.5,Female,Kidney,-6
Kidney.e13.5.2,2833sTS.Mouse.Kidney.13.5.Female.htseq.u.txt,e13.5,Female,Kidney,-6
Kidney.e13.5.3,2841sTS.Mouse.Kidney.13.5.Male.htseq.u.txt,e13.5,Male,Kidney,-6
Kidney.e13.5.4,5359sTS.Mouse.Kidney.13.5.Male.htseq.u.txt,e13.5,Male,Kidney,-6
Kidney.e14.5.1,2488sTS.Mouse.Kidney.14.5.Female.htseq.u.txt,e14.5,Female,Kidney,-5
Kidney.e14.5.2,2460sTS.Mouse.Kidney.14.5.Male.htseq.u.txt,e14.5,Male,Kidney,-5
Kidney.e14.5.3,2462sTS.Mouse.Kidney.14.5.Male.htseq.u.txt,e14.5,Male,Kidney,-5
Kidney.e15.5.1,2511sTS.Mouse.Kidney.15.5.Female.htseq.u.txt,e15.5,Female,Kidney,-4
Kidney.e15.5.2,2509sTS.Mouse.Kidney.15.5.Female.htseq.u.txt,e15.5,Female,Kidney,-4
Kidney.e15.5.3,2505sTS.Mouse.Kidney.15.5.Male.htseq.u.txt,e15.5,Male,Kidney,-4
Kidney.e15.5.4,2507sTS.Mouse.Kidney.15.5.Male.htseq.u.txt,e15.5,Male,Kidney,-4
Kidney.e16.5.1,2586sTS.Mouse.Kidney.16.5.Female.htseq.u.txt,e16.5,Female,Kidney,-3
Kidney.e16.5.2,2588sTS.Mouse.Kidney.16.5.Female.htseq.u.txt,e16.5,Female,Kidney,-3
Kidney.e16.5.3,2513sTS.Mouse.Kidney.16.5.Male.htseq.u.txt,e16.5,Male,Kidney,-3
Kidney.e16.5.4,2515sTS.Mouse.Kidney.16.5.Male.htseq.u.txt,e16.5,Male,Kidney,-3
Kidney.e17.5.1,2596sTS.Mouse.Kidney.17.5.Female.htseq.u.txt,e17.5,Female,Kidney,-2
Kidney.e17.5.2,2594sTS.Mouse.Kidney.17.5.Female.htseq.u.txt,e17.5,Female,Kidney,-2
Kidney.e17.5.3,2590sTS.Mouse.Kidney.17.5.Male.htseq.u.txt,e17.5,Male,Kidney,-2
Kidney.e17.5.4,2592sTS.Mouse.Kidney.17.5.Male.htseq.u.txt,e17.5,Male,Kidney,-2
Kidney.e18.5.1,2640sTS.Mouse.Kidney.18.5.Female.htseq.u.txt,e18.5,Female,Kidney,-1
Kidney.e18.5.2,2638sTS.Mouse.Kidney.18.5.Female.htseq.u.txt,e18.5,Female,Kidney,-1
Kidney.e18.5.3,2634sTS.Mouse.Kidney.18.5.Male.htseq.u.txt,e18.5,Male,Kidney,-1
Kidney.e18.5.4,2636sTSm.Mouse.Kidney.18.5.Male.htseq.u.txt,e18.5,Male,Kidney,-1
Kidney.P0.1,1744sTS.Mouse.Kidney.0dpb.Female.htseq.u.txt,P0,Female,Kidney,0
Kidney.P0.2,1903sTS.Mouse.Kidney.0dpb.Female.htseq.u.txt,P0,Female,Kidney,0
Kidney.P0.3,1909sTS.Mouse.Kidney.0dpb.Male.htseq.u.txt,P0,Male,Kidney,0
Kidney.P0.4,1915sTS.Mouse.Kidney.0dpb.Male.htseq.u.txt,P0,Male,Kidney,0
Kidney.P3.1,1921sTS.Mouse.Kidney.3dpb.Female.htseq.u.txt,P3,Female,Kidney,1
Kidney.P3.2,1933sTS.Mouse.Kidney.3dpb.Female.htseq.u.txt,P3,Female,Kidney,1
Kidney.P3.3,1927sTS.Mouse.Kidney.3dpb.Male.htseq.u.txt,P3,Male,Kidney,1
Kidney.P3.4,2642sTS.Mouse.Kidney.3dpb.Male.htseq.u.txt,P3,Male,Kidney,1
Kidney.P14.1,2654sTS.Mouse.Kidney.2wpb.Female.htseq.u.txt,P14,Female,Kidney,2
Kidney.P14.2,2652sTS.Mouse.Kidney.2wpb.Female.htseq.u.txt,P14,Female,Kidney,2
Kidney.P14.3,2644sTS.Mouse.Kidney.2wpb.Male.htseq.u.txt,P14,Male,Kidney,2
Kidney.P14.4,2646sTS.Mouse.Kidney.2wpb.Male.htseq.u.txt,P14,Male,Kidney,2
Kidney.P28.1,2656sTS.Mouse.Kidney.4wpb.Female.htseq.u.txt,P28,Female,Kidney,3
Kidney.P28.2,2658sTS.Mouse.Kidney.4wpb.Female.htseq.u.txt,P28,Female,Kidney,3
Kidney.P28.3,2660sTS.Mouse.Kidney.4wpb.Male.htseq.u.txt,P28,Male,Kidney,3
Kidney.P28.4,2662sTS.Mouse.Kidney.4wpb.Male.htseq.u.txt,P28,Male,Kidney,3
Kidney.P63.1,1951sTS.Mouse.Kidney.9w.Female.htseq.u.txt,P63,Female,Kidney,4
Kidney.P63.2,2665sTS.Mouse.Kidney.9wpb.Female.htseq.u.txt,P63,Female,Kidney,4
Kidney.P63.3,2664sTS.Mouse.Kidney.9wpb.Male.htseq.u.txt,P63,Male,Kidney,4
Kidney.P63.4,5360sTS.Mouse.Kidney.9wpb.Male.htseq.u.txt,P63,Male,Kidney,4
Liver.e10.5.1,2583sTS.Mouse.Liver.10.5.Female.htseq.u.txt,e10.5,Female,Liver,-9
Liver.e10.5.2,3461sTS.Mouse.Liver.10.5.Female.htseq.u.txt,e10.5,Female,Liver,-9
Liver.e10.5.3,2648sTS.Mouse.Liver.10.5.Female.htseq.u.txt,e10.5,Female,Liver,-9
Liver.e10.5.4,2496sTS.Mouse.Liver.10.5.Male.htseq.u.txt,e10.5,Male,Liver,-9
Liver.e11.5.2,3034sTS.Mouse.Liver.11.5.Male.htseq.u.txt,e11.5,Male,Liver,-8
Liver.e11.5.3,2623sTS.Mouse.Liver.11.5.Male.htseq.u.txt,e11.5,Male,Liver,-8
Liver.e11.5.4,2626sTS.Mouse.Liver.11.5.Male.htseq.u.txt,e11.5,Male,Liver,-8
Liver.e11.5.5,2943sTS.Mouse.Liver.11.5.Male.htseq.u.txt,e11.5,Male,Liver,-8
Liver.e12.5.1,3039sTS.Mouse.Liver.12.5.Female.htseq.u.txt,e12.5,Female,Liver,-7
Liver.e12.5.2,3044sTS.Mouse.Liver.12.5.Female.htseq.u.txt,e12.5,Female,Liver,-7
Liver.e12.5.3,3037sTS.Mouse.Liver.12.5.Male.htseq.u.txt,e12.5,Male,Liver,-7
Liver.e12.5.4,3042sTS.Mouse.Liver.12.5.Male.htseq.u.txt,e12.5,Male,Liver,-7
Liver.e13.5.1,2832sTS.Mouse.Liver.13.5.Female.htseq.u.txt,e13.5,Female,Liver,-6
Liver.e13.5.2,2816sTS.Mouse.Liver.13.5.Female.htseq.u.txt,e13.5,Female,Liver,-6
Liver.e13.5.3,2840sTS.Mouse.Liver.13.5.Male.htseq.u.txt,e13.5,Male,Liver,-6
Liver.e13.5.4,3916sTS.Mouse.Liver.13.5.Male.htseq.u.txt,e13.5,Male,Liver,-6
Liver.e13.5.5,3921sTS.Mouse.Liver.13.5.Male.htseq.u.txt,e13.5,Male,Liver,-6
Liver.e14.5.1,2245sTS.Mouse.Liver.14.5.Female.htseq.u.txt,e14.5,Female,Liver,-5
Liver.e14.5.2,2229sTS.Mouse.Liver.14.5.Female.htseq.u.txt,e14.5,Female,Liver,-5
Liver.e14.5.3,2225sTSmc.Mouse.Liver.14.5.Male.htseq.u.txt,e14.5,Male,Liver,-5
Liver.e14.5.4,2239sTS.Mouse.Liver.14.5.Male.htseq.u.txt,e14.5,Male,Liver,-5
Liver.e15.5.1,2192sTS.Mouse.Liver.15.5.Female.htseq.u.txt,e15.5,Female,Liver,-4
Liver.e15.5.2,2219sTS.Mouse.Liver.15.5.Female.htseq.u.txt,e15.5,Female,Liver,-4
Liver.e15.5.3,2188sTS.Mouse.Liver.15.5.Male.htseq.u.txt,e15.5,Male,Liver,-4
Liver.e15.5.4,2196sTS.Mouse.Liver.15.5.Male.htseq.u.txt,e15.5,Male,Liver,-4
Liver.e16.5.1,2256sTS.Mouse.Liver.16.5.Female.htseq.u.txt,e16.5,Female,Liver,-3
Liver.e16.5.2,2275sTS.Mouse.Liver.16.5.Female.htseq.u.txt,e16.5,Female,Liver,-3
Liver.e16.5.3,2279sTS.Mouse.Liver.16.5.Male.htseq.u.txt,e16.5,Male,Liver,-3
Liver.e16.5.4,2272sTS.Mouse.Liver.16.5.Male.htseq.u.txt,e16.5,Male,Liver,-3
Liver.e17.5.1,2281sTS.Mouse.Liver.17.5.Female.htseq.u.txt,e17.5,Female,Liver,-2
Liver.e17.5.2,2222sTSm.Mouse.Liver.17.5.Female.htseq.u.txt,e17.5,Female,Liver,-2
Liver.e17.5.3,2118sTS.Mouse.Liver.17.5.Male.htseq.u.txt,e17.5,Male,Liver,-2
Liver.e17.5.4,2284sTS.Mouse.Liver.17.5.Male.htseq.u.txt,e17.5,Male,Liver,-2
Liver.e18.5.1,2315sTS.Mouse.Liver.18.5.Female.htseq.u.txt,e18.5,Female,Liver,-1
Liver.e18.5.2,2325sTS.Mouse.Liver.18.5.Female.htseq.u.txt,e18.5,Female,Liver,-1
Liver.e18.5.3,2309sTS.Mouse.Liver.18.5.Male.htseq.u.txt,e18.5,Male,Liver,-1
Liver.e18.5.4,2319sTS.Mouse.Liver.18.5.Male.htseq.u.txt,e18.5,Male,Liver,-1
Liver.P0.1,1743sTS.Mouse.Liver.0dpb.Female.htseq.u.txt,P0,Female,Liver,0
Liver.P0.2,1904sTS.Mouse.Liver.0dpb.Female.htseq.u.txt,P0,Female,Liver,0
Liver.P0.3,1910sTS.Mouse.Liver.0dpb.Male.htseq.u.txt,P0,Male,Liver,0
Liver.P0.4,1916sTS.Mouse.Liver.0dpb.Male.htseq.u.txt,P0,Male,Liver,0
Liver.P3.1,1922sTSm.Mouse.Liver.3dpb.Female.htseq.u.txt,P3,Female,Liver,1
Liver.P3.2,1934sTS.Mouse.Liver.3dpb.Female.htseq.u.txt,P3,Female,Liver,1
Liver.P3.3,1966sTS.Mouse.Liver.3dpb.Female.htseq.u.txt,P3,Female,Liver,1
Liver.P3.4,1928sTS.Mouse.Liver.3dpb.Male.htseq.u.txt,P3,Male,Liver,1
Liver.P14.1,1886sTS.Mouse.Liver.2w.Female.htseq.u.txt,P14,Female,Liver,2
Liver.P14.2,1890sTS.Mouse.Liver.2w.Female.htseq.u.txt,P14,Female,Liver,2
Liver.P14.3,1878sTS.Mouse.Liver.2w.Male.htseq.u.txt,P14,Male,Liver,2
Liver.P14.4,1882sTS.Mouse.Liver.2w.Male.htseq.u.txt,P14,Male,Liver,2
Liver.P28.1,1938sTS.Mouse.Liver.4w.Female.htseq.u.txt,P28,Female,Liver,3
Liver.P28.2,1942sTS.Mouse.Liver.4w.Female.htseq.u.txt,P28,Female,Liver,3
Liver.P28.3,1894sTS.Mouse.Liver.4w.Male.htseq.u.txt,P28,Male,Liver,3
Liver.P28.4,1898sTSm.Mouse.Liver.4wpb.Male.htseq.u.txt,P28,Male,Liver,3
Liver.P63.1,1952sTS.Mouse.Liver.9w.Female.htseq.u.txt,P63,Female,Liver,4
Liver.P63.2,1962sTS.Mouse.Liver.9w.Female.htseq.u.txt,P63,Female,Liver,4
Liver.P63.3,1946sTS.Mouse.Liver.9w.Male.htseq.u.txt,P63,Male,Liver,4
Liver.P63.4,1958sTSm.Mouse.Liver.9wpb.Male.htseq.u.txt,P63,Male,Liver,4
Ovary.e10.5.1,3248sTS.Mouse.Ovary.10.5.Female.htseq.u.txt,e10.5,Female,Ovary,-9
Ovary.e10.5.2,3251sTS.Mouse.Ovary.10.5.Female.htseq.u.txt,e10.5,Female,Ovary,-9
Ovary.e11.5.1,3365sTS.Mouse.Ovary.11.5.Female.htseq.u.txt,e11.5,Female,Ovary,-8
Ovary.e11.5.2,3367sTS.Mouse.Ovary.11.5.Female.htseq.u.txt,e11.5,Female,Ovary,-8
Ovary.e12.5.1,3287sTS.Mouse.Ovary.12.5.Female.htseq.u.txt,e12.5,Female,Ovary,-7
Ovary.e12.5.2,3283sTS.Mouse.Ovary.12.5.Female.htseq.u.txt,e12.5,Female,Ovary,-7
Ovary.e13.5.1,2834sTS.Mouse.Ovary.13.5.Female.htseq.u.txt,e13.5,Female,Ovary,-6
Ovary.e13.5.2,2818sTS.Mouse.Ovary.13.5.Female.htseq.u.txt,e13.5,Female,Ovary,-6
Ovary.e14.5.1,2246sTS.Mouse.Ovary.14.5.Female.htseq.u.txt,e14.5,Female,Ovary,-5
Ovary.e14.5.2,2230sTS.Mouse.Ovary.14.5.Female.htseq.u.txt,e14.5,Female,Ovary,-5
Ovary.e15.5.1,2191sTS.Mouse.Ovary.15.5.Female.htseq.u.txt,e15.5,Female,Ovary,-4
Ovary.e15.5.2,2215sTS.Mouse.Ovary.15.5.Female.htseq.u.txt,e15.5,Female,Ovary,-4
Ovary.e16.5.1,2269sTSm.Mouse.Ovary.16.5.Female.htseq.u.txt,e16.5,Female,Ovary,-3
Ovary.e16.5.2,2271sTS.Mouse.Ovary.16.5.Female.htseq.u.txt,e16.5,Female,Ovary,-3
Ovary.e17.5.1,2168sTS.Mouse.Ovary.17.5.Female.htseq.u.txt,e17.5,Female,Ovary,-2
Ovary.e17.5.2,2221sTS.Mouse.Ovary.17.5.Female.htseq.u.txt,e17.5,Female,Ovary,-2
Ovary.e18.5.1,2316sTS.Mouse.Ovary.18.5.Female.htseq.u.txt,e18.5,Female,Ovary,-1
Ovary.e18.5.2,2326sTS.Mouse.Ovary.18.5.Female.htseq.u.txt,e18.5,Female,Ovary,-1
Ovary.P0.1,1745sTSm.Mouse.Ovary.0dpb.Female.htseq.u.txt,P0,Female,Ovary,0
Ovary.P0.2,1905sTS.Mouse.Ovary.0dpb.Female.htseq.u.txt,P0,Female,Ovary,0
Ovary.P3.1,1923sTS.Mouse.Ovary.3dpb.Female.htseq.u.txt,P3,Female,Ovary,1
Ovary.P3.2,1935sTSm.Mouse.Ovary.3dpb.Female.htseq.u.txt,P3,Female,Ovary,1
Ovary.P14.1,1887sTS.Mouse.Ovary.2w.Female.htseq.u.txt,P14,Female,Ovary,2
Ovary.P14.2,1891sTS.Mouse.Ovary.2w.Female.htseq.u.txt,P14,Female,Ovary,2
Ovary.P28.1,1939sTSm.Mouse.Ovary.4wpb.Female.htseq.u.txt,P28,Female,Ovary,3
Ovary.P28.2,1943sTS.Mouse.Ovary.4w.Female.htseq.u.txt,P28,Female,Ovary,3
Ovary.P63.1,1953sTS.Mouse.Ovary.9w.Female.htseq.u.txt,P63,Female,Ovary,4
Ovary.P63.2,1963sTS.Mouse.Ovary.9w.Female.htseq.u.txt,P63,Female,Ovary,4
Testis.e10.5.1,3279sTS.Mouse.Testis.10.5.Male.htseq.u.txt,e10.5,Male,Testis,-9
Testis.e10.5.2,3368sTS.Mouse.Testis.10.5.Male.htseq.u.txt,e10.5,Male,Testis,-9
Testis.e11.5.1,3361sTS.Mouse.Testis.11.5.Male.htseq.u.txt,e11.5,Male,Testis,-8
Testis.e11.5.2,3363sTS.Mouse.Testis.11.5.Male.htseq.u.txt,e11.5,Male,Testis,-8
Testis.e12.5.1,3285sTS.Mouse.Testis.12.5.Male.htseq.u.txt,e12.5,Male,Testis,-7
Testis.e12.5.2,3281sTS.Mouse.Testis.12.5.Male.htseq.u.txt,e12.5,Male,Testis,-7
Testis.e13.5.1,2842sTS.Mouse.Testis.13.5.Male.htseq.u.txt,e13.5,Male,Testis,-6
Testis.e13.5.2,2826sTS.Mouse.Testis.13.5.Male.htseq.u.txt,e13.5,Male,Testis,-6
Testis.e14.5.1,2226sTSmc.Mouse.Testis.14.5.Male.htseq.u.txt,e14.5,Male,Testis,-5
Testis.e14.5.2,2233sTS.Mouse.Testis.14.5.Male.htseq.u.txt,e14.5,Male,Testis,-5
Testis.e15.5.1,2187sTS.Mouse.Testis.15.5.Male.htseq.u.txt,e15.5,Male,Testis,-4
Testis.e15.5.2,2195sTS.Mouse.Testis.15.5.Male.htseq.u.txt,e15.5,Male,Testis,-4
Testis.e16.5.1,2270sTSm.Mouse.Testis.16.5.Male.htseq.u.txt,e16.5,Male,Testis,-3
Testis.e16.5.2,2278sTS.Mouse.Testis.16.5.Male.htseq.u.txt,e16.5,Male,Testis,-3
Testis.e17.5.1,2159sTS.Mouse.Testis.17.5.Male.htseq.u.txt,e17.5,Male,Testis,-2
Testis.e17.5.2,2162sTS.Mouse.Testis.17.5.Male.htseq.u.txt,e17.5,Male,Testis,-2
Testis.e18.5.1,2310sTS.Mouse.Testis.18.5.Male.htseq.u.txt,e18.5,Male,Testis,-1
Testis.P0.1,1911sTSm.Mouse.Testis.0dpb.Male.htseq.u.txt,P0,Male,Testis,0
Testis.P0.2,1917sTSb.Mouse.Testis.0dpb.Male.htseq.u.txt,P0,Male,Testis,0
Testis.P3.1,1929sTSm.Mouse.Testis.3dpb.Male.htseq.u.txt,P3,Male,Testis,1
Testis.P3.2,1967sTSb.Mouse.Testis.3dpb.Male.htseq.u.txt,P3,Male,Testis,1
Testis.P14.1,1879sTS.Mouse.Testis.2w.Male.htseq.u.txt,P14,Male,Testis,2
Testis.P14.2,1883sTS.Mouse.Testis.2w.Male.htseq.u.txt,P14,Male,Testis,2
Testis.P28.1,1895sTS.Mouse.Testis.4w.Male.htseq.u.txt,P28,Male,Testis,3
Testis.P28.2,1899sTS.Mouse.Testis.4w.Male.htseq.u.txt,P28,Male,Testis,3
Testis.P63.1,1947sTS.Mouse.Testis.9w.Male.htseq.u.txt,P63,Male,Testis,4
Testis.P63.2,1959sTS.Mouse.Testis.9w.Male.htseq.u.txt,P63,Male,Testis,4
